행정동코드,행정동,동별 총 대수,휘발유,경유,LPG,전기,CNG,수소,기타연료,하이브리드
1111051500,청운효자동,3307.0,1838.0,1078.0,176.0,28.0,0.0,3.0,22.0,162.0
1111053000,사직동,7984.0,3927.0,3425.0,130.0,109.0,2.0,10.0,64.0,317.0
1111054000,삼청동,795.0,437.0,281.0,39.0,8.0,0.0,0.0,3.0,27.0
1111055000,부암동,3159.0,1775.0,1042.0,147.0,25.0,0.0,2.0,6.0,162.0
1111056000,평창동,6571.0,3865.0,2005.0,214.0,61.0,1.0,4.0,17.0,404.0
1111057000,무악동,2834.0,1494.0,973.0,170.0,17.0,0.0,6.0,3.0,171.0
1111058000,교남동,2918.0,1685.0,870.0,127.0,29.0,4.0,2.0,11.0,190.0
1111060000,가회동,1261.0,629.0,511.0,52.0,14.0,1.0,7.0,1.0,46.0
1111061500,종로1.2.3.4가동,6337.0,2992.0,2502.0,228.0,123.0,21.0,21.0,31.0,419.0
1111063000,종로5.6가동,1816.0,817.0,798.0,132.0,8.0,1.0,1.0,6.0,53.0
1111064000,이화동,1713.0,918.0,615.0,97.0,23.0,1.0,2.0,6.0,51.0
1111065000,혜화동,3534.0,1930.0,1109.0,241.0,21.0,82.0,1.0,5.0,145.0
1114052000,소공동,4528.0,1860.0,2078.0,105.0,243.0,2.0,3.0,86.0,151.0
1114054000,회현동,10625.0,5799.0,4159.0,26.0,132.0,0.0,1.0,3.0,505.0
1114055000,명동,8716.0,3643.0,3861.0,483.0,194.0,8.0,12.0,109.0,406.0
1114057000,필동,3319.0,1727.0,1227.0,174.0,36.0,1.0,3.0,12.0,139.0
1114058000,장충동,576.0,303.0,202.0,40.0,9.0,0.0,2.0,3.0,17.0
1114059000,광희동,1796.0,747.0,808.0,133.0,35.0,8.0,3.0,11.0,51.0
1114060500,을지로동,1766.0,818.0,822.0,68.0,8.0,2.0,1.0,2.0,45.0
1114061500,신당동,21104.0,10906.0,7641.0,1619.0,133.0,4.0,10.0,48.0,743.0
1114067000,황학동,3456.0,1777.0,1373.0,145.0,27.0,0.0,2.0,10.0,122.0
1114068000,중림동,3873.0,2129.0,1329.0,169.0,36.0,10.0,2.0,5.0,193.0
1117051000,후암동,4040.0,2138.0,1454.0,283.0,32.0,9.0,3.0,1.0,120.0
1117052000,용산2가동,2148.0,1145.0,749.0,182.0,14.0,1.0,1.0,1.0,55.0
1117053000,남영동,2597.0,1304.0,957.0,112.0,17.0,0.0,1.0,23.0,183.0
1117055500,청파동,4294.0,2186.0,1617.0,327.0,21.0,0.0,2.0,9.0,132.0
1117056000,원효로제1동,6261.0,3308.0,2326.0,244.0,60.0,3.0,4.0,10.0,306.0
1117057000,원효로제2동,5058.0,2604.0,1904.0,263.0,41.0,4.0,2.0,6.0,234.0
1117058000,효창동,3112.0,1629.0,1128.0,169.0,12.0,0.0,7.0,3.0,164.0
1117059000,용문동,3405.0,1874.0,1157.0,202.0,24.0,0.0,2.0,3.0,143.0
1117062500,한강로동,12400.0,7671.0,3624.0,327.0,98.0,5.0,5.0,130.0,540.0
1117068500,한남동,7530.0,4257.0,2526.0,297.0,98.0,0.0,3.0,28.0,321.0
1117069000,서빙고동,4668.0,2673.0,1458.0,226.0,24.0,0.0,2.0,8.0,277.0
1117070000,보광동,3087.0,1576.0,1113.0,269.0,14.0,0.0,1.0,3.0,111.0
1120053500,왕십리도선동,12613.0,6892.0,4400.0,618.0,70.0,12.0,9.0,29.0,583.0
1120054000,마장동,8493.0,3279.0,3738.0,1127.0,102.0,4.0,3.0,14.0,226.0
1120055000,사근동,13193.0,7292.0,4306.0,741.0,124.0,13.0,5.0,37.0,675.0
1120058000,응봉동,4603.0,2561.0,1515.0,245.0,18.0,0.0,0.0,11.0,253.0
1120059000,금호1가동,4842.0,2643.0,1559.0,361.0,23.0,2.0,3.0,16.0,235.0
1120061500,금호2.3가동,6252.0,3422.0,2155.0,347.0,36.0,1.0,2.0,9.0,280.0
1120062000,금호4가동,4545.0,2529.0,1485.0,210.0,39.0,0.0,2.0,15.0,265.0
1120064500,옥수동,8828.0,5205.0,2706.0,274.0,69.0,11.0,6.0,28.0,529.0
1120079000,용답동,10276.0,4641.0,3976.0,1354.0,55.0,3.0,1.0,12.0,234.0
1121571000,화양동,4054.0,2166.0,1341.0,390.0,25.0,1.0,3.0,7.0,121.0
1121573000,군자동,5059.0,2450.0,1901.0,510.0,26.0,1.0,4.0,8.0,159.0
1121578000,능동,3001.0,1563.0,1082.0,227.0,16.0,0.0,1.0,6.0,106.0
1121581000,광장동,11738.0,7021.0,3489.0,416.0,54.0,6.0,4.0,26.0,722.0
1123053600,용신동,9825.0,4663.0,4103.0,676.0,64.0,10.0,2.0,20.0,287.0
1123054500,제기동,6464.0,3166.0,2564.0,519.0,23.0,2.0,1.0,9.0,180.0
1123070500,청량리동,5169.0,2553.0,1858.0,569.0,33.0,0.0,3.0,6.0,147.0
1123071000,회기동,2100.0,1141.0,708.0,159.0,9.0,0.0,3.0,5.0,75.0
1129052500,성북동,4807.0,2761.0,1530.0,260.0,43.0,1.0,2.0,10.0,200.0
1129055500,삼선동,17786.0,9999.0,5770.0,1031.0,121.0,16.0,8.0,45.0,796.0
1129057500,동선동,3267.0,1727.0,1197.0,223.0,8.0,9.0,0.0,5.0,98.0
1129060000,안암동,3123.0,1627.0,1129.0,244.0,10.0,0.0,0.0,7.0,106.0
1129061000,보문동,4427.0,2188.0,1647.0,401.0,31.0,0.0,4.0,9.0,147.0
1129062000,정릉제1동,38123.0,20287.0,12433.0,2887.0,272.0,621.0,16.0,80.0,1527.0
1129070500,종암동,10743.0,5566.0,3867.0,795.0,58.0,1.0,3.0,26.0,427.0
1129072500,월곡제2동,14230.0,7365.0,5151.0,1100.0,73.0,2.0,9.0,30.0,500.0
1129081000,석관동,9789.0,4597.0,3749.0,1015.0,45.0,84.0,4.0,13.0,282.0
1130564500,우이동,29486.0,13987.0,11058.0,3079.0,160.0,440.0,7.0,30.0,725.0
1138051000,녹번동,10478.0,5514.0,3683.0,721.0,87.0,18.0,7.0,14.0,434.0
1138056000,구산동,9384.0,4599.0,3241.0,913.0,41.0,295.0,5.0,14.0,276.0
1138057000,대조동,6012.0,3156.0,2128.0,544.0,18.0,0.0,5.0,5.0,156.0
1138062500,역촌동,12220.0,6279.0,4397.0,1104.0,49.0,2.0,6.0,17.0,366.0
1138064000,증산동,4660.0,2154.0,1646.0,679.0,25.0,2.0,6.0,10.0,138.0
1138065000,수색동,3996.0,2062.0,1266.0,300.0,20.0,165.0,5.0,8.0,170.0
1138069000,진관동,17958.0,9902.0,5384.0,1376.0,171.0,214.0,20.0,46.0,845.0
1141052000,천연동,4946.0,2857.0,1513.0,296.0,22.0,1.0,4.0,2.0,251.0
1141056500,충현동,11412.0,5955.0,4098.0,704.0,86.0,25.0,7.0,45.0,492.0
1141058500,신촌동,3983.0,2141.0,1272.0,388.0,24.0,3.0,5.0,3.0,147.0
1141061500,연희동,10159.0,5550.0,3394.0,685.0,108.0,14.0,10.0,6.0,392.0
1144056500,공덕동,19717.0,11383.0,6138.0,943.0,141.0,2.0,16.0,39.0,1055.0
1144059000,용강동,25672.0,14026.0,8883.0,1303.0,146.0,1.0,18.0,81.0,1214.0
1144063000,신수동,7669.0,4139.0,2685.0,396.0,44.0,13.0,7.0,7.0,378.0
1144065500,서강동,7662.0,4429.0,2351.0,359.0,58.0,3.0,10.0,23.0,429.0
1144066000,서교동,9592.0,5244.0,3368.0,559.0,56.0,0.0,10.0,15.0,340.0
1144068000,합정동,6483.0,2991.0,2698.0,531.0,47.0,2.0,11.0,9.0,194.0
1144071000,연남동,4165.0,2226.0,1465.0,261.0,27.0,11.0,1.0,4.0,170.0
1144073000,성산제2동,17787.0,9071.0,6424.0,1397.0,120.0,25.0,19.0,34.0,697.0
1144074000,상암동,11322.0,5691.0,3711.0,1061.0,110.0,233.0,23.0,27.0,466.0
1150051000,염창동,39819.0,20937.0,13308.0,3302.0,196.0,20.0,27.0,39.0,1990.0
1150061100,발산제1동,15956.0,7944.0,5439.0,1819.0,70.0,91.0,10.0,39.0,544.0
1150061500,우장산동,64604.0,33665.0,22680.0,5673.0,277.0,12.0,26.0,114.0,2157.0
1150062000,공항동,58084.0,25996.0,19495.0,7052.0,559.0,135.0,22.0,113.0,4712.0
1150064000,방화제2동,1424.0,399.0,755.0,81.0,26.0,136.0,0.0,4.0,23.0
1153051000,신도림동,12591.0,7206.0,4065.0,608.0,56.0,15.0,5.0,28.0,608.0
1153059500,가리봉동,2789.0,1168.0,1359.0,187.0,5.0,0.0,0.0,1.0,69.0
1153078000,오류제2동,18718.0,9185.0,6779.0,2013.0,92.0,3.0,12.0,49.0,585.0
1153079000,수궁동,8103.0,3788.0,3096.0,918.0,28.0,17.0,3.0,14.0,239.0
1153080000,항동,5604.0,2894.0,1946.0,436.0,53.0,1.0,7.0,17.0,250.0
1154551000,가산동,20099.0,8977.0,9000.0,906.0,214.0,154.0,10.0,64.0,774.0
1156053500,영등포동,14452.0,7449.0,5360.0,864.0,107.0,4.0,18.0,38.0,612.0
1156054000,여의동,21406.0,11624.0,6386.0,503.0,1452.0,4.0,46.0,83.0,1308.0
1156055000,당산제1동,7779.0,3867.0,3018.0,473.0,81.0,15.0,10.0,43.0,272.0
1156056000,당산제2동,12772.0,7363.0,3900.0,663.0,75.0,56.0,9.0,22.0,684.0
1156058500,도림동,5744.0,2769.0,2282.0,447.0,26.0,11.0,4.0,11.0,194.0
1156060500,문래동,14066.0,7413.0,5105.0,749.0,71.0,2.0,15.0,89.0,622.0
1156061000,양평제1동,6020.0,2254.0,2835.0,702.0,22.0,7.0,1.0,28.0,171.0
1156062000,양평제2동,15868.0,6947.0,6946.0,1142.0,80.0,7.0,10.0,87.0,649.0
1156067000,신길제5동,48238.0,23898.0,18408.0,3945.0,221.0,11.0,24.0,51.0,1680.0
1159051000,노량진제1동,11403.0,6200.0,3789.0,810.0,77.0,7.0,7.0,16.0,497.0
1159053000,상도제1동,33539.0,18449.0,10811.0,2548.0,157.0,15.0,28.0,36.0,1495.0
1159060500,흑석동,9163.0,5240.0,2830.0,476.0,59.0,10.0,8.0,11.0,529.0
1159063000,사당제2동,28332.0,15943.0,9046.0,1858.0,138.0,14.0,19.0,31.0,1283.0
1159066000,대방동,10565.0,5936.0,3342.0,747.0,43.0,15.0,10.0,19.0,453.0
1162063000,남현동,5034.0,2724.0,1704.0,356.0,15.0,8.0,6.0,2.0,219.0
1165053000,서초3동,90327.0,52081.0,28304.0,3061.0,1497.0,328.0,71.0,201.0,4784.0
1165065100,양재1동,9134.0,4988.0,2746.0,728.0,79.0,32.0,20.0,34.0,507.0
1165065200,양재2동,25143.0,11691.0,9925.0,1215.0,789.0,33.0,91.0,86.0,1313.0
1165066000,내곡동,8326.0,3959.0,2815.0,867.0,111.0,136.0,16.0,21.0,401.0
1168054500,압구정동,20303.0,12476.0,6024.0,529.0,121.0,0.0,10.0,35.0,1108.0
1168056500,청담동,12041.0,7151.0,3846.0,266.0,130.0,6.0,6.0,32.0,604.0
1168070000,세곡동,18814.0,9688.0,6151.0,1857.0,150.0,19.0,16.0,40.0,893.0
1168073000,일원1동,8293.0,4521.0,2436.0,779.0,56.0,1.0,6.0,7.0,487.0
1168074000,일원2동,76670.0,41669.0,19376.0,4278.0,6504.0,183.0,64.0,89.0,4507.0
1171057000,오금동,13934.0,7303.0,4900.0,977.0,76.0,10.0,12.0,22.0,634.0
1171060000,석촌동,10057.0,5241.0,3587.0,785.0,55.0,2.0,4.0,12.0,371.0
1171061000,삼전동,9049.0,4814.0,3058.0,777.0,55.0,2.0,6.0,33.0,304.0
1171064200,문정2동,29434.0,15626.0,10690.0,1423.0,186.0,11.0,21.0,62.0,1415.0
1171064700,위례동,28937.0,14034.0,9218.0,3376.0,217.0,664.0,19.0,75.0,1334.0
1174051500,강일동,10528.0,4970.0,3557.0,1291.0,98.0,185.0,17.0,23.0,387.0
1174068500,길동,15896.0,7281.0,5373.0,2556.0,124.0,2.0,9.0,28.0,523.0
1111067000,창신제1동,1437.0,714.0,564.0,108.0,6.0,2.0,0.0,2.0,41.0
1111068000,창신제2동,1437.0,714.0,564.0,108.0,6.0,2.0,0.0,2.0,41.0
1111069000,창신제3동,1437.0,714.0,564.0,108.0,6.0,2.0,0.0,2.0,41.0
1111070000,숭인제1동,1868.0,975.0,693.0,137.0,7.0,1.0,0.0,3.0,52.0
1111071000,숭인제2동,1868.0,975.0,693.0,137.0,7.0,1.0,0.0,3.0,52.0
1114062500,다산동,4045.0,2086.0,1461.0,319.0,24.0,1.0,2.0,9.0,144.0
1114063500,약수동,4045.0,2086.0,1461.0,319.0,24.0,1.0,2.0,9.0,144.0
1114064500,청구동,4045.0,2086.0,1461.0,319.0,24.0,1.0,2.0,9.0,144.0
1114065000,신당제5동,4045.0,2086.0,1461.0,319.0,24.0,1.0,2.0,9.0,144.0
1114066500,동화동,4045.0,2086.0,1461.0,319.0,24.0,1.0,2.0,9.0,144.0
1117063000,이촌제1동,8067.0,5352.0,1899.0,180.0,129.0,0.0,6.0,10.0,491.0
1117064000,이촌제2동,8067.0,5352.0,1899.0,180.0,129.0,0.0,6.0,10.0,491.0
1117065000,이태원제1동,2428.0,1352.0,800.0,138.0,34.0,3.0,3.0,4.0,96.0
1117066000,이태원제2동,2428.0,1352.0,800.0,138.0,34.0,3.0,3.0,4.0,96.0
1120052000,왕십리제2동,9230.0,5158.0,3079.0,446.0,56.0,1.0,8.0,18.0,464.0
1120056000,행당제1동,6000.0,3370.0,1919.0,306.0,61.0,6.0,2.0,18.0,317.0
1120057000,행당제2동,6000.0,3370.0,1919.0,306.0,61.0,6.0,2.0,18.0,317.0
1120065000,성수1가제1동,8868.0,5056.0,2534.0,498.0,308.0,159.0,4.0,62.0,246.0
1120066000,성수1가제2동,8868.0,5056.0,2534.0,498.0,308.0,159.0,4.0,62.0,246.0
1120067000,성수2가제1동,7817.0,3541.0,3132.0,762.0,66.0,47.0,4.0,14.0,252.0
1120069000,성수2가제3동,7817.0,3541.0,3132.0,762.0,66.0,47.0,4.0,14.0,252.0
1120072000,송정동,2839.0,1318.0,1145.0,274.0,14.0,1.0,0.0,6.0,81.0
1121574000,중곡제1동,5414.0,2578.0,2113.0,542.0,21.0,4.0,1.0,7.0,148.0
1121575000,중곡제2동,5414.0,2578.0,2113.0,542.0,21.0,4.0,1.0,7.0,148.0
1121576000,중곡제3동,5414.0,2578.0,2113.0,542.0,21.0,4.0,1.0,7.0,148.0
1121577000,중곡제4동,5414.0,2578.0,2113.0,542.0,21.0,4.0,1.0,7.0,148.0
1121582000,자양제1동,7592.0,3658.0,3041.0,535.0,41.0,39.0,2.0,10.0,266.0
1121583000,자양제2동,7592.0,3658.0,3041.0,535.0,41.0,39.0,2.0,10.0,266.0
1121584000,자양제3동,7592.0,3658.0,3041.0,535.0,41.0,39.0,2.0,10.0,266.0
1121584700,자양제4동,7592.0,3658.0,3041.0,535.0,41.0,39.0,2.0,10.0,266.0
1121585000,구의제1동,7561.0,4039.0,2617.0,552.0,34.0,2.0,5.0,13.0,299.0
1121586000,구의제2동,7561.0,4039.0,2617.0,552.0,34.0,2.0,5.0,13.0,299.0
1121587000,구의제3동,7561.0,4039.0,2617.0,552.0,34.0,2.0,5.0,13.0,299.0
1123056000,전농제1동,6606.0,3384.0,2366.0,549.0,38.0,1.0,4.0,12.0,252.0
1123057000,전농제2동,6606.0,3384.0,2366.0,549.0,38.0,1.0,4.0,12.0,252.0
1123060000,답십리제1동,9106.0,4624.0,3303.0,759.0,51.0,6.0,3.0,17.0,343.0
1123061000,답십리제2동,9106.0,4624.0,3303.0,759.0,51.0,6.0,3.0,17.0,343.0
1123065000,장안제1동,11861.0,5746.0,4528.0,1113.0,52.0,2.0,7.0,31.0,382.0
1123066000,장안제2동,11861.0,5746.0,4528.0,1113.0,52.0,2.0,7.0,31.0,382.0
1123072000,휘경제1동,5120.0,2571.0,1869.0,458.0,22.0,8.0,2.0,10.0,180.0
1123073000,휘경제2동,5120.0,2571.0,1869.0,458.0,22.0,8.0,2.0,10.0,180.0
1123074000,이문제1동,4723.0,2455.0,1657.0,419.0,20.0,1.0,2.0,14.0,156.0
1123075000,이문제2동,4723.0,2455.0,1657.0,419.0,20.0,1.0,2.0,14.0,156.0
1126052000,면목제2동,6260.0,2930.0,2427.0,658.0,28.0,42.0,2.0,7.0,166.0
1126054000,면목제4동,6260.0,2930.0,2427.0,658.0,28.0,42.0,2.0,7.0,166.0
1126055000,면목제5동,6260.0,2930.0,2427.0,658.0,28.0,42.0,2.0,7.0,166.0
1126056500,면목본동,6260.0,2930.0,2427.0,658.0,28.0,42.0,2.0,7.0,166.0
1126057000,면목제7동,6260.0,2930.0,2427.0,658.0,28.0,42.0,2.0,7.0,166.0
1126057500,면목제3.8동,6260.0,2930.0,2427.0,658.0,28.0,42.0,2.0,7.0,166.0
1126058000,상봉제1동,6843.0,3363.0,2464.0,744.0,36.0,2.0,2.0,12.0,220.0
1126059000,상봉제2동,6843.0,3363.0,2464.0,744.0,36.0,2.0,2.0,12.0,220.0
1126060000,중화제1동,5926.0,2826.0,2297.0,640.0,25.0,0.0,2.0,9.0,127.0
1126061000,중화제2동,5926.0,2826.0,2297.0,640.0,25.0,0.0,2.0,9.0,127.0
1126062000,묵제1동,8210.0,4066.0,3122.0,732.0,30.0,2.0,2.0,14.0,241.0
1126063000,묵제2동,8210.0,4066.0,3122.0,732.0,30.0,2.0,2.0,14.0,241.0
1126065500,망우본동,7524.0,3032.0,2810.0,1465.0,48.0,4.0,3.0,9.0,154.0
1126066000,망우제3동,7524.0,3032.0,2810.0,1465.0,48.0,4.0,3.0,9.0,154.0
1126068000,신내1동,9866.0,4621.0,3605.0,1169.0,68.0,56.0,4.0,28.0,316.0
1126069000,신내2동,9866.0,4621.0,3605.0,1169.0,68.0,56.0,4.0,28.0,316.0
1129058000,돈암제1동,6016.0,3512.0,1812.0,343.0,33.0,0.0,2.0,16.0,298.0
1129059000,돈암제2동,6016.0,3512.0,1812.0,343.0,33.0,0.0,2.0,16.0,298.0
1129064000,정릉제3동,11731.0,5902.0,3954.0,1020.0,92.0,304.0,4.0,24.0,432.0
1129065000,정릉제4동,11731.0,5902.0,3954.0,1020.0,92.0,304.0,4.0,24.0,432.0
1129066000,길음제1동,14661.0,8483.0,4526.0,847.0,87.0,14.0,7.0,33.0,664.0
1129071500,월곡제1동,11644.0,6101.0,4174.0,851.0,57.0,2.0,6.0,28.0,425.0
1129076000,장위제1동,4998.0,2453.0,1888.0,445.0,29.0,4.0,2.0,9.0,169.0
1129077000,장위제2동,4998.0,2453.0,1888.0,445.0,29.0,4.0,2.0,9.0,169.0
1129078000,장위제3동,4998.0,2453.0,1888.0,445.0,29.0,4.0,2.0,9.0,169.0
1130553400,삼양동,6619.0,3359.0,2394.0,608.0,30.0,2.0,2.0,14.0,211.0
1130553500,미아동,6619.0,3359.0,2394.0,608.0,30.0,2.0,2.0,14.0,211.0
1130554500,송중동,6619.0,3359.0,2394.0,608.0,30.0,2.0,2.0,14.0,211.0
1130555500,송천동,6619.0,3359.0,2394.0,608.0,30.0,2.0,2.0,14.0,211.0
1130557500,삼각산동,6619.0,3359.0,2394.0,608.0,30.0,2.0,2.0,14.0,211.0
1130559500,번1동,4330.0,1983.0,1532.0,608.0,30.0,74.0,1.0,5.0,98.0
1130560300,번2동,4330.0,1983.0,1532.0,608.0,30.0,74.0,1.0,5.0,98.0
1130560800,번3동,4330.0,1983.0,1532.0,608.0,30.0,74.0,1.0,5.0,98.0
1130561500,수유1동,6556.0,3113.0,2467.0,698.0,36.0,74.0,2.0,7.0,159.0
1130562500,수유2동,6556.0,3113.0,2467.0,698.0,36.0,74.0,2.0,7.0,159.0
1130563500,수유3동,6556.0,3113.0,2467.0,698.0,36.0,74.0,2.0,7.0,159.0
1130566000,인수동,6556.0,3113.0,2467.0,698.0,36.0,74.0,2.0,7.0,159.0
1132051100,창제1동,7254.0,3705.0,2514.0,734.0,34.0,7.0,3.0,12.0,244.0
1132051200,창제2동,7254.0,3705.0,2514.0,734.0,34.0,7.0,3.0,12.0,244.0
1132051300,창제3동,7254.0,3705.0,2514.0,734.0,34.0,7.0,3.0,12.0,244.0
1132051400,창제4동,7254.0,3705.0,2514.0,734.0,34.0,7.0,3.0,12.0,244.0
1132051500,창제5동,7254.0,3705.0,2514.0,734.0,34.0,7.0,3.0,12.0,244.0
1132052100,도봉제1동,7548.0,3494.0,2720.0,936.0,35.0,144.0,2.0,12.0,205.0
1132052200,도봉제2동,7548.0,3494.0,2720.0,936.0,35.0,144.0,2.0,12.0,205.0
1132066000,쌍문제1동,5184.0,2578.0,1862.0,571.0,22.0,4.0,0.0,8.0,138.0
1132067000,쌍문제2동,5184.0,2578.0,1862.0,571.0,22.0,4.0,0.0,8.0,138.0
1132068000,쌍문제3동,5184.0,2578.0,1862.0,571.0,22.0,4.0,0.0,8.0,138.0
1132068100,쌍문제4동,5184.0,2578.0,1862.0,571.0,22.0,4.0,0.0,8.0,138.0
1132069000,방학제1동,7856.0,3721.0,2714.0,1138.0,62.0,4.0,2.0,17.0,200.0
1132070000,방학제2동,7856.0,3721.0,2714.0,1138.0,62.0,4.0,2.0,17.0,200.0
1132071000,방학제3동,7856.0,3721.0,2714.0,1138.0,62.0,4.0,2.0,17.0,200.0
1135056000,월계1동,7913.0,3960.0,2701.0,896.0,35.0,48.0,2.0,16.0,255.0
1135057000,월계2동,7913.0,3960.0,2701.0,896.0,35.0,48.0,2.0,16.0,255.0
1135058000,월계3동,7913.0,3960.0,2701.0,896.0,35.0,48.0,2.0,16.0,255.0
1135059500,공릉1동,11703.0,5861.0,3998.0,1284.0,52.0,33.0,8.0,28.0,438.0
1135060000,공릉2동,11703.0,5861.0,3998.0,1284.0,52.0,33.0,8.0,28.0,438.0
1135061100,하계1동,6926.0,3841.0,2174.0,578.0,28.0,2.0,3.0,10.0,290.0
1135061200,하계2동,6926.0,3841.0,2174.0,578.0,28.0,2.0,3.0,10.0,290.0
1135061900,중계본동,7652.0,4137.0,2470.0,685.0,30.0,2.0,2.0,16.0,309.0
1135062100,중계1동,7652.0,4137.0,2470.0,685.0,30.0,2.0,2.0,16.0,309.0
1135062400,중계4동,7652.0,4137.0,2470.0,685.0,30.0,2.0,2.0,16.0,309.0
1135062500,중계2.3동,7652.0,4137.0,2470.0,685.0,30.0,2.0,2.0,16.0,309.0
1135063000,상계1동,7601.0,3883.0,2465.0,907.0,43.0,48.0,2.0,11.0,243.0
1135064000,상계2동,7601.0,3883.0,2465.0,907.0,43.0,48.0,2.0,11.0,243.0
1135066500,상계3.4동,7601.0,3883.0,2465.0,907.0,43.0,48.0,2.0,11.0,243.0
1135067000,상계5동,7601.0,3883.0,2465.0,907.0,43.0,48.0,2.0,11.0,243.0
1135069500,상계6.7동,7601.0,3883.0,2465.0,907.0,43.0,48.0,2.0,11.0,243.0
1135070000,상계8동,7601.0,3883.0,2465.0,907.0,43.0,48.0,2.0,11.0,243.0
1135071000,상계9동,7601.0,3883.0,2465.0,907.0,43.0,48.0,2.0,11.0,243.0
1135072000,상계10동,7601.0,3883.0,2465.0,907.0,43.0,48.0,2.0,11.0,243.0
1138052000,불광제1동,8438.0,4611.0,2802.0,681.0,32.0,0.0,4.0,10.0,298.0
1138053000,불광제2동,8438.0,4611.0,2802.0,681.0,32.0,0.0,4.0,10.0,298.0
1138055100,갈현제1동,6585.0,3471.0,2311.0,589.0,20.0,0.0,2.0,12.0,179.0
1138055200,갈현제2동,6585.0,3471.0,2311.0,589.0,20.0,0.0,2.0,12.0,179.0
1138058000,응암제1동,7835.0,4171.0,2706.0,601.0,42.0,1.0,4.0,13.0,297.0
1138059000,응암제2동,7835.0,4171.0,2706.0,601.0,42.0,1.0,4.0,13.0,297.0
1138060000,응암제3동,7835.0,4171.0,2706.0,601.0,42.0,1.0,4.0,13.0,297.0
1138063100,신사제1동,7178.0,3316.0,2368.0,1228.0,40.0,4.0,9.0,10.0,204.0
1138063200,신사제2동,7178.0,3316.0,2368.0,1228.0,40.0,4.0,9.0,10.0,204.0
1141055500,북아현동,7861.0,4361.0,2589.0,454.0,61.0,19.0,4.0,10.0,363.0
1141062000,홍제제1동,4765.0,2667.0,1537.0,323.0,21.0,2.0,4.0,6.0,205.0
1141064000,홍제제3동,4765.0,2667.0,1537.0,323.0,21.0,2.0,4.0,6.0,205.0
1141065500,홍제제2동,4765.0,2667.0,1537.0,323.0,21.0,2.0,4.0,6.0,205.0
1141066000,홍은제1동,7242.0,3834.0,2423.0,627.0,43.0,38.0,4.0,13.0,260.0
1141068500,홍은제2동,7242.0,3834.0,2423.0,627.0,43.0,38.0,4.0,13.0,260.0
1141069000,남가좌제1동,6984.0,3776.0,2324.0,420.0,36.0,46.0,8.0,18.0,358.0
1141070000,남가좌제2동,6984.0,3776.0,2324.0,420.0,36.0,46.0,8.0,18.0,358.0
1141071000,북가좌제1동,8112.0,3755.0,2803.0,1185.0,46.0,27.0,6.0,24.0,266.0
1141072000,북가좌제2동,8112.0,3755.0,2803.0,1185.0,46.0,27.0,6.0,24.0,266.0
1144069000,망원제1동,5534.0,2686.0,2026.0,566.0,34.0,14.0,4.0,16.0,188.0
1144070000,망원제2동,5534.0,2686.0,2026.0,566.0,34.0,14.0,4.0,16.0,188.0
1144072000,성산제1동,14656.0,7346.0,5447.0,1127.0,105.0,23.0,12.0,31.0,565.0
1147051000,목1동,9735.0,5727.0,2963.0,508.0,49.0,4.0,6.0,20.0,457.0
1147052000,목2동,9735.0,5727.0,2963.0,508.0,49.0,4.0,6.0,20.0,457.0
1147053000,목3동,9735.0,5727.0,2963.0,508.0,49.0,4.0,6.0,20.0,457.0
1147054000,목4동,9735.0,5727.0,2963.0,508.0,49.0,4.0,6.0,20.0,457.0
1147055000,목5동,9735.0,5727.0,2963.0,508.0,49.0,4.0,6.0,20.0,457.0
1147056000,신월1동,6434.0,2816.0,2394.0,977.0,28.0,40.0,2.0,13.0,165.0
1147057000,신월2동,6434.0,2816.0,2394.0,977.0,28.0,40.0,2.0,13.0,165.0
1147058000,신월3동,6434.0,2816.0,2394.0,977.0,28.0,40.0,2.0,13.0,165.0
1147059000,신월4동,6434.0,2816.0,2394.0,977.0,28.0,40.0,2.0,13.0,165.0
1147060000,신월5동,6434.0,2816.0,2394.0,977.0,28.0,40.0,2.0,13.0,165.0
1147061000,신월6동,6434.0,2816.0,2394.0,977.0,28.0,40.0,2.0,13.0,165.0
1147061100,신월7동,6434.0,2816.0,2394.0,977.0,28.0,40.0,2.0,13.0,165.0
1147062000,신정1동,9633.0,5233.0,3169.0,673.0,60.0,53.0,5.0,20.0,420.0
1147063000,신정2동,9633.0,5233.0,3169.0,673.0,60.0,53.0,5.0,20.0,420.0
1147064000,신정3동,9633.0,5233.0,3169.0,673.0,60.0,53.0,5.0,20.0,420.0
1147065000,신정4동,9633.0,5233.0,3169.0,673.0,60.0,53.0,5.0,20.0,420.0
1147067000,신정6동,9633.0,5233.0,3169.0,673.0,60.0,53.0,5.0,20.0,420.0
1147068000,신정7동,9633.0,5233.0,3169.0,673.0,60.0,53.0,5.0,20.0,420.0
1150052000,등촌제1동,8349.0,4496.0,2727.0,737.0,39.0,2.0,5.0,16.0,329.0
1150053000,등촌제2동,8349.0,4496.0,2727.0,737.0,39.0,2.0,5.0,16.0,329.0
1150053500,등촌제3동,8349.0,4496.0,2727.0,737.0,39.0,2.0,5.0,16.0,329.0
1150054000,화곡제1동,9229.0,4809.0,3240.0,810.0,40.0,2.0,4.0,16.0,308.0
1150055000,화곡제2동,9229.0,4809.0,3240.0,810.0,40.0,2.0,4.0,16.0,308.0
1150056000,화곡제3동,9229.0,4809.0,3240.0,810.0,40.0,2.0,4.0,16.0,308.0
1150057000,화곡제4동,9229.0,4809.0,3240.0,810.0,40.0,2.0,4.0,16.0,308.0
1150059000,화곡본동,9229.0,4809.0,3240.0,810.0,40.0,2.0,4.0,16.0,308.0
1150059100,화곡제6동,9229.0,4809.0,3240.0,810.0,40.0,2.0,4.0,16.0,308.0
1150059300,화곡제8동,9229.0,4809.0,3240.0,810.0,40.0,2.0,4.0,16.0,308.0
1150060400,가양제2동,12278.0,6332.0,4174.0,1079.0,62.0,10.0,8.0,8.0,605.0
1150060500,가양제3동,12278.0,6332.0,4174.0,1079.0,62.0,10.0,8.0,8.0,605.0
1150064100,방화제3동,26195.0,11994.0,8362.0,4743.0,124.0,118.0,6.0,30.0,818.0
1153052000,구로제1동,10724.0,4803.0,4126.0,1028.0,339.0,47.0,22.0,20.0,339.0
1153053000,구로제2동,10724.0,4803.0,4126.0,1028.0,339.0,47.0,22.0,20.0,339.0
1153054000,구로제3동,10724.0,4803.0,4126.0,1028.0,339.0,47.0,22.0,20.0,339.0
1153055000,구로제4동,10724.0,4803.0,4126.0,1028.0,339.0,47.0,22.0,20.0,339.0
1153056000,구로제5동,10724.0,4803.0,4126.0,1028.0,339.0,47.0,22.0,20.0,339.0
1153072000,고척제1동,8374.0,4036.0,3316.0,704.0,38.0,6.0,3.0,16.0,255.0
1153073000,고척제2동,8374.0,4036.0,3316.0,704.0,38.0,6.0,3.0,16.0,255.0
1153074000,개봉제1동,8664.0,4342.0,3210.0,738.0,32.0,42.0,3.0,19.0,279.0
1153075000,개봉제2동,8664.0,4342.0,3210.0,738.0,32.0,42.0,3.0,19.0,279.0
1153076000,개봉제3동,8664.0,4342.0,3210.0,738.0,32.0,42.0,3.0,19.0,279.0
1153077000,오류제1동,14424.0,7091.0,5284.0,1464.0,68.0,3.0,10.0,34.0,470.0
1154561000,독산제1동,8680.0,4084.0,3422.0,848.0,37.0,8.0,3.0,12.0,266.0
1154562000,독산제2동,8680.0,4084.0,3422.0,848.0,37.0,8.0,3.0,12.0,266.0
1154563000,독산제3동,8680.0,4084.0,3422.0,848.0,37.0,8.0,3.0,12.0,266.0
1154564000,독산제4동,8680.0,4084.0,3422.0,848.0,37.0,8.0,3.0,12.0,266.0
1154567000,시흥제1동,7002.0,3268.0,2809.0,639.0,33.0,42.0,1.0,10.0,198.0
1154568000,시흥제2동,7002.0,3268.0,2809.0,639.0,33.0,42.0,1.0,10.0,198.0
1154569000,시흥제3동,7002.0,3268.0,2809.0,639.0,33.0,42.0,1.0,10.0,198.0
1154570000,시흥제4동,7002.0,3268.0,2809.0,639.0,33.0,42.0,1.0,10.0,198.0
1154571000,시흥제5동,7002.0,3268.0,2809.0,639.0,33.0,42.0,1.0,10.0,198.0
1156063000,신길제1동,6185.0,3207.0,2238.0,459.0,30.0,2.0,3.0,9.0,238.0
1156065000,신길제3동,6185.0,3207.0,2238.0,459.0,30.0,2.0,3.0,9.0,238.0
1156066000,신길제4동,6185.0,3207.0,2238.0,459.0,30.0,2.0,3.0,9.0,238.0
1156068000,신길제6동,6185.0,3207.0,2238.0,459.0,30.0,2.0,3.0,9.0,238.0
1156069000,신길제7동,6185.0,3207.0,2238.0,459.0,30.0,2.0,3.0,9.0,238.0
1156070000,대림제1동,5771.0,2621.0,2406.0,549.0,24.0,0.0,3.0,3.0,164.0
1156071000,대림제2동,5771.0,2621.0,2406.0,549.0,24.0,0.0,3.0,3.0,164.0
1156072000,대림제3동,5771.0,2621.0,2406.0,549.0,24.0,0.0,3.0,3.0,164.0
1159052000,노량진제2동,8042.0,4309.0,2753.0,606.0,56.0,6.0,5.0,11.0,296.0
1159054000,상도제2동,10564.0,5837.0,3383.0,798.0,50.0,5.0,9.0,11.0,472.0
1159055000,상도제3동,10564.0,5837.0,3383.0,798.0,50.0,5.0,9.0,11.0,472.0
1159056000,상도제4동,10564.0,5837.0,3383.0,798.0,50.0,5.0,9.0,11.0,472.0
1159062000,사당제1동,6673.0,3745.0,2140.0,449.0,32.0,4.0,4.0,8.0,293.0
1159064000,사당제3동,6673.0,3745.0,2140.0,449.0,32.0,4.0,4.0,8.0,293.0
1159065000,사당제4동,6673.0,3745.0,2140.0,449.0,32.0,4.0,4.0,8.0,293.0
1159065100,사당제5동,6673.0,3745.0,2140.0,449.0,32.0,4.0,4.0,8.0,293.0
1159067000,신대방제1동,6620.0,3505.0,2419.0,385.0,44.0,0.0,6.0,10.0,252.0
1159068000,신대방제2동,6620.0,3505.0,2419.0,385.0,44.0,0.0,6.0,10.0,252.0
1162052500,보라매동,6058.0,3211.0,2043.0,505.0,33.0,4.0,3.0,9.0,248.0
1162054500,청림동,6058.0,3211.0,2043.0,505.0,33.0,4.0,3.0,9.0,248.0
1162056500,성현동,6058.0,3211.0,2043.0,505.0,33.0,4.0,3.0,9.0,248.0
1162057500,행운동,6058.0,3211.0,2043.0,505.0,33.0,4.0,3.0,9.0,248.0
1162058500,낙성대동,6058.0,3211.0,2043.0,505.0,33.0,4.0,3.0,9.0,248.0
1162059500,청룡동,6058.0,3211.0,2043.0,505.0,33.0,4.0,3.0,9.0,248.0
1162060500,은천동,6058.0,3211.0,2043.0,505.0,33.0,4.0,3.0,9.0,248.0
1162061500,중앙동,6058.0,3211.0,2043.0,505.0,33.0,4.0,3.0,9.0,248.0
1162062500,인헌동,6058.0,3211.0,2043.0,505.0,33.0,4.0,3.0,9.0,248.0
1162064500,서원동,5390.0,2693.0,1957.0,520.0,26.0,17.0,2.0,7.0,168.0
1162065500,신원동,5390.0,2693.0,1957.0,520.0,26.0,17.0,2.0,7.0,168.0
1162066500,서림동,5390.0,2693.0,1957.0,520.0,26.0,17.0,2.0,7.0,168.0
1162068500,신사동,5390.0,2693.0,1957.0,520.0,26.0,17.0,2.0,7.0,168.0
1162069500,신림동,5390.0,2693.0,1957.0,520.0,26.0,17.0,2.0,7.0,168.0
1162071500,난향동,5390.0,2693.0,1957.0,520.0,26.0,17.0,2.0,7.0,168.0
1162072500,조원동,5390.0,2693.0,1957.0,520.0,26.0,17.0,2.0,7.0,168.0
1162073500,대학동,5390.0,2693.0,1957.0,520.0,26.0,17.0,2.0,7.0,168.0
1162074500,삼성동,5390.0,2693.0,1957.0,520.0,26.0,17.0,2.0,7.0,168.0
1162076500,미성동,5390.0,2693.0,1957.0,520.0,26.0,17.0,2.0,7.0,168.0
1162077500,난곡동,5390.0,2693.0,1957.0,520.0,26.0,17.0,2.0,7.0,168.0
1165051000,서초1동,17310.0,10017.0,5467.0,434.0,408.0,9.0,14.0,48.0,913.0
1165052000,서초2동,17310.0,10017.0,5467.0,434.0,408.0,9.0,14.0,48.0,913.0
1165053100,서초4동,17310.0,10017.0,5467.0,434.0,408.0,9.0,14.0,48.0,913.0
1165054000,잠원동,8878.0,5651.0,2370.0,266.0,46.0,1.0,4.0,14.0,525.0
1165055000,반포본동,6945.0,4290.0,1979.0,170.0,99.0,0.0,5.0,14.0,388.0
1165056000,반포1동,6945.0,4290.0,1979.0,170.0,99.0,0.0,5.0,14.0,388.0
1165057000,반포2동,6945.0,4290.0,1979.0,170.0,99.0,0.0,5.0,14.0,388.0
1165058000,반포3동,8878.0,5651.0,2370.0,266.0,46.0,1.0,4.0,14.0,525.0
1165058100,반포4동,6945.0,4290.0,1979.0,170.0,99.0,0.0,5.0,14.0,388.0
1165059000,방배본동,7679.0,4406.0,2380.0,352.0,55.0,60.0,6.0,11.0,409.0
1165060000,방배1동,7679.0,4406.0,2380.0,352.0,55.0,60.0,6.0,11.0,409.0
1165061000,방배2동,7679.0,4406.0,2380.0,352.0,55.0,60.0,6.0,11.0,409.0
1165062000,방배3동,7679.0,4406.0,2380.0,352.0,55.0,60.0,6.0,11.0,409.0
1165062100,방배4동,7679.0,4406.0,2380.0,352.0,55.0,60.0,6.0,11.0,409.0
1168052100,논현1동,10460.0,5898.0,3672.0,394.0,76.0,4.0,5.0,27.0,384.0
1168053100,논현2동,10460.0,5898.0,3672.0,394.0,76.0,4.0,5.0,27.0,384.0
1168058000,삼성1동,10160.0,5980.0,3164.0,324.0,116.0,16.0,6.0,48.0,502.0
1168059000,삼성2동,10160.0,5980.0,3164.0,324.0,116.0,16.0,6.0,48.0,502.0
1168060000,대치1동,12998.0,6820.0,2923.0,356.0,2063.0,2.0,8.0,15.0,811.0
1168061000,대치2동,12998.0,6820.0,2923.0,356.0,2063.0,2.0,8.0,15.0,811.0
1168063000,대치4동,12998.0,6820.0,2923.0,356.0,2063.0,2.0,8.0,15.0,811.0
1168064000,역삼1동,18314.0,9646.0,5290.0,656.0,340.0,4.0,7.0,39.0,2332.0
1168065000,역삼2동,18314.0,9646.0,5290.0,656.0,340.0,4.0,7.0,39.0,2332.0
1168065500,도곡1동,11354.0,7160.0,3124.0,260.0,104.0,2.0,12.0,65.0,626.0
1168065600,도곡2동,11354.0,7160.0,3124.0,260.0,104.0,2.0,12.0,65.0,626.0
1168066000,개포1동,11464.0,6626.0,3420.0,581.0,94.0,86.0,8.0,16.0,632.0
1168069000,개포4동,11464.0,6626.0,3420.0,581.0,94.0,86.0,8.0,16.0,632.0
1168075000,수서동,8293.0,4521.0,2436.0,779.0,56.0,1.0,6.0,7.0,487.0
1171051000,풍납1동,6136.0,3233.0,1975.0,606.0,36.0,2.0,6.0,11.0,266.0
1171052000,풍납2동,6136.0,3233.0,1975.0,606.0,36.0,2.0,6.0,11.0,266.0
1171053100,거여1동,5938.0,3080.0,2084.0,505.0,30.0,2.0,4.0,8.0,224.0
1171053200,거여2동,5938.0,3080.0,2084.0,505.0,30.0,2.0,4.0,8.0,224.0
1171054000,마천1동,5904.0,2594.0,2270.0,790.0,34.0,52.0,3.0,10.0,151.0
1171055000,마천2동,5904.0,2594.0,2270.0,790.0,34.0,52.0,3.0,10.0,151.0
1171056100,방이1동,7136.0,4025.0,2304.0,372.0,42.0,1.0,5.0,15.0,373.0
1171056200,방이2동,7136.0,4025.0,2304.0,372.0,42.0,1.0,5.0,15.0,373.0
1171056600,오륜동,7136.0,4025.0,2304.0,372.0,42.0,1.0,5.0,15.0,373.0
1171058000,송파1동,7262.0,3969.0,2458.0,455.0,38.0,0.0,6.0,13.0,324.0
1171059000,송파2동,7262.0,3969.0,2458.0,455.0,38.0,0.0,6.0,13.0,324.0
1171062000,가락본동,11681.0,6288.0,3912.0,755.0,79.0,2.0,9.0,35.0,601.0
1171063100,가락1동,11681.0,6288.0,3912.0,755.0,79.0,2.0,9.0,35.0,601.0
1171063200,가락2동,11681.0,6288.0,3912.0,755.0,79.0,2.0,9.0,35.0,601.0
1171064100,문정1동,29434.0,15626.0,10690.0,1423.0,186.0,11.0,21.0,62.0,1415.0
1171065000,잠실본동,9215.0,5708.0,2542.0,368.0,68.0,2.0,5.0,21.0,501.0
1171067000,잠실2동,9215.0,5708.0,2542.0,368.0,68.0,2.0,5.0,21.0,501.0
1171068000,잠실3동,9215.0,5708.0,2542.0,368.0,68.0,2.0,5.0,21.0,501.0
1171069000,잠실4동,11374.0,4390.0,6232.0,224.0,80.0,8.0,4.0,35.0,402.0
1171071000,잠실6동,11374.0,4390.0,6232.0,224.0,80.0,8.0,4.0,35.0,402.0
1171072000,잠실7동,9215.0,5708.0,2542.0,368.0,68.0,2.0,5.0,21.0,501.0
1174052500,상일제1동,8438.0,4634.0,2663.0,533.0,75.0,3.0,17.0,20.0,492.0
1174052600,상일제2동,8438.0,4634.0,2663.0,533.0,75.0,3.0,17.0,20.0,492.0
1174053000,명일제1동,7087.0,4026.0,2164.0,480.0,42.0,4.0,6.0,14.0,351.0
1174054000,명일제2동,7087.0,4026.0,2164.0,480.0,42.0,4.0,6.0,14.0,351.0
1174055000,고덕제1동,8344.0,4538.0,2751.0,480.0,72.0,1.0,12.0,24.0,466.0
1174056000,고덕제2동,8344.0,4538.0,2751.0,480.0,72.0,1.0,12.0,24.0,466.0
1174057000,암사제1동,7229.0,3780.0,2445.0,628.0,35.0,2.0,5.0,14.0,319.0
1174058000,암사제2동,7229.0,3780.0,2445.0,628.0,35.0,2.0,5.0,14.0,319.0
1174059000,암사제3동,7229.0,3780.0,2445.0,628.0,35.0,2.0,5.0,14.0,319.0
1174060000,천호제1동,8626.0,4195.0,3223.0,851.0,44.0,2.0,8.0,17.0,287.0
1174061000,천호제2동,8626.0,4195.0,3223.0,851.0,44.0,2.0,8.0,17.0,287.0
1174062000,천호제3동,8626.0,4195.0,3223.0,851.0,44.0,2.0,8.0,17.0,287.0
1174064000,성내제1동,7395.0,3650.0,2682.0,724.0,52.0,5.0,9.0,16.0,258.0
1174065000,성내제2동,7395.0,3650.0,2682.0,724.0,52.0,5.0,9.0,16.0,258.0
1174066000,성내제3동,7395.0,3650.0,2682.0,724.0,52.0,5.0,9.0,16.0,258.0
1174069000,둔촌제1동,4332.0,2197.0,1515.0,418.0,20.0,1.0,3.0,8.0,171.0
1174070000,둔촌제2동,4332.0,2197.0,1515.0,418.0,20.0,1.0,3.0,8.0,171.0
