사용본거지법정동명,동별 총 대수,휘발유,경유,LPG,전기,CNG,수소,기타연료,하이브리드,행정동코드,읍면동명
서울특별시 종로구 청운동,768,451,241,22,9,0,0,2,43,1111051500,청운효자동
서울특별시 종로구 신교동,362,200,116,25,3,0,1,0,17,1111051500,청운효자동
서울특별시 종로구 궁정동,40,21,12,2,0,0,0,0,5,1111051500,청운효자동
서울특별시 종로구 효자동,185,107,63,4,1,0,0,0,10,1111051500,청운효자동
서울특별시 종로구 창성동,162,90,62,2,1,0,0,0,7,1111051500,청운효자동
서울특별시 종로구 통의동,126,66,44,7,0,0,1,0,8,1111053000,사직동
서울특별시 종로구 적선동,168,79,77,5,1,0,0,0,6,1111053000,사직동
서울특별시 종로구 통인동,190,112,55,13,0,0,0,0,10,1111051500,청운효자동
서울특별시 종로구 누상동,790,429,254,63,6,0,1,2,35,1111051500,청운효자동
서울특별시 종로구 누하동,219,99,94,15,1,0,0,0,10,1111051500,청운효자동
서울특별시 종로구 옥인동,591,329,181,30,7,0,1,18,25,1111051500,청운효자동
서울특별시 종로구 체부동,158,84,54,12,0,0,0,0,8,1111053000,사직동
서울특별시 종로구 필운동,309,167,117,11,1,0,0,1,12,1111053000,사직동
서울특별시 종로구 내자동,3213,1227,1851,3,64,0,5,5,58,1111053000,사직동
서울특별시 종로구 사직동,1065,656,299,32,9,0,3,1,65,1111053000,사직동
서울특별시 종로구 도렴동,117,78,31,0,0,0,0,1,7,1111053000,사직동
서울특별시 종로구 당주동,291,177,86,12,1,0,0,5,10,1111053000,사직동
서울특별시 종로구 내수동,1210,729,336,18,11,0,1,51,64,1111053000,사직동
서울특별시 종로구 세종로,384,187,146,1,14,0,13,0,23,1111061500,종로1.2.3.4가동
서울특별시 종로구 세종로,384,187,146,1,14,0,13,0,23,1111061500,종로1.2.3.4가동
서울특별시 종로구 세종로,384,187,146,1,14,0,13,0,23,1111061500,종로1.2.3.4가동
서울특별시 종로구 신문로1가,828,457,291,15,8,2,0,0,55,1111053000,사직동
서울특별시 종로구 신문로2가,499,207,239,15,14,0,0,0,24,1111053000,사직동
서울특별시 종로구 청진동,237,180,43,4,0,0,0,0,10,1111061500,종로1.2.3.4가동
서울특별시 종로구 서린동,318,114,176,9,4,0,2,1,12,1111061500,종로1.2.3.4가동
서울특별시 종로구 수송동,744,282,340,14,33,19,2,24,30,1111061500,종로1.2.3.4가동
서울특별시 종로구 중학동,70,39,24,0,0,0,0,0,7,1111061500,종로1.2.3.4가동
서울특별시 종로구 종로1가,287,130,133,15,0,0,0,0,9,1111061500,종로1.2.3.4가동
서울특별시 종로구 공평동,146,105,29,0,3,0,1,0,8,1111061500,종로1.2.3.4가동
서울특별시 종로구 관훈동,165,77,74,5,1,0,1,2,5,1111061500,종로1.2.3.4가동
서울특별시 종로구 견지동,231,139,71,6,0,0,0,0,15,1111061500,종로1.2.3.4가동
서울특별시 종로구 와룡동,87,38,41,3,1,0,0,0,4,1111061500,종로1.2.3.4가동
서울특별시 종로구 와룡동,87,38,41,3,1,0,0,0,4,1111061500,종로1.2.3.4가동
서울특별시 종로구 권농동,67,37,16,11,2,0,0,0,1,1111061500,종로1.2.3.4가동
서울특별시 종로구 운니동,155,56,90,4,1,0,0,0,4,1111061500,종로1.2.3.4가동
서울특별시 종로구 익선동,303,170,110,14,0,0,0,0,9,1111061500,종로1.2.3.4가동
서울특별시 종로구 경운동,215,116,86,8,1,0,0,0,4,1111061500,종로1.2.3.4가동
서울특별시 종로구 관철동,455,118,54,32,46,0,0,1,204,1111061500,종로1.2.3.4가동
서울특별시 종로구 인사동,231,142,81,3,1,0,0,1,3,1111061500,종로1.2.3.4가동
서울특별시 종로구 낙원동,292,146,117,14,2,0,1,0,12,1111061500,종로1.2.3.4가동
서울특별시 종로구 종로2가,196,85,82,27,0,0,0,0,2,1111061500,종로1.2.3.4가동
서울특별시 종로구 팔판동,92,53,28,7,2,0,0,0,2,1111054000,삼청동
서울특별시 종로구 삼청동,399,223,134,21,4,0,0,2,15,1111054000,삼청동
서울특별시 종로구 안국동,140,74,59,3,0,0,0,0,4,1111054000,삼청동
서울특별시 종로구 소격동,52,29,19,1,0,0,0,0,3,1111054000,삼청동
서울특별시 종로구 화동,50,29,19,1,0,0,0,0,1,1111054000,삼청동
서울특별시 종로구 사간동,60,28,21,6,2,0,0,1,2,1111054000,삼청동
서울특별시 종로구 송현동,2,1,1,0,0,0,0,0,0,1111054000,삼청동
서울특별시 종로구 가회동,299,171,96,10,8,0,0,1,13,1111060000,가회동
서울특별시 종로구 재동,175,69,105,0,0,0,0,0,1,1111060000,가회동
서울특별시 종로구 계동,339,147,153,18,5,0,6,0,10,1111060000,가회동
서울특별시 종로구 원서동,448,242,157,24,1,1,1,0,22,1111060000,가회동
서울특별시 종로구 훈정동,1,0,1,0,0,0,0,0,0,1111061500,종로1.2.3.4가동
서울특별시 종로구 묘동,83,47,27,4,1,0,0,1,3,1111061500,종로1.2.3.4가동
서울특별시 종로구 봉익동,96,46,45,1,0,1,0,0,3,1111061500,종로1.2.3.4가동
서울특별시 종로구 돈의동,187,71,93,17,1,0,0,0,5,1111061500,종로1.2.3.4가동
서울특별시 종로구 장사동,302,135,148,6,3,0,0,0,10,1111061500,종로1.2.3.4가동
서울특별시 종로구 관수동,194,87,96,5,1,0,0,0,5,1111061500,종로1.2.3.4가동
서울특별시 종로구 종로3가,78,41,32,1,0,1,0,0,3,1111061500,종로1.2.3.4가동
서울특별시 종로구 인의동,453,263,154,9,6,0,1,1,19,1111061500,종로1.2.3.4가동
서울특별시 종로구 예지동,72,34,31,3,0,0,0,0,4,1111061500,종로1.2.3.4가동
서울특별시 종로구 원남동,258,88,155,9,1,0,0,0,5,1111061500,종로1.2.3.4가동
서울특별시 종로구 연지동,420,189,191,26,3,0,0,1,10,1111063000,종로5.6가동
서울특별시 종로구 종로4가,30,19,7,3,1,0,0,0,0,1111061500,종로1.2.3.4가동
서울특별시 종로구 효제동,228,110,98,13,0,0,0,0,7,1111063000,종로5.6가동
서울특별시 종로구 종로5가,101,61,28,6,0,1,0,1,4,1111063000,종로5.6가동
서울특별시 종로구 종로6가,466,170,252,24,4,0,1,4,11,1111063000,종로5.6가동
서울특별시 종로구 이화동,470,237,175,31,12,1,0,5,9,1111064000,이화동
서울특별시 종로구 연건동,349,167,149,11,0,0,2,0,20,1111064000,이화동
서울특별시 종로구 충신동,601,287,229,63,1,0,0,0,21,1111063000,종로5.6가동
서울특별시 종로구 동숭동,894,514,291,55,11,0,0,1,22,1111064000,이화동
서울특별시 종로구 혜화동,819,416,229,50,3,82,0,0,39,1111065000,혜화동
서울특별시 종로구 명륜1가,926,524,306,61,4,0,1,1,29,1111065000,혜화동
서울특별시 종로구 명륜2가,754,469,198,41,6,0,0,2,38,1111065000,혜화동
서울특별시 종로구 명륜4가,174,88,71,7,1,0,0,0,7,1111065000,혜화동
서울특별시 종로구 명륜3가,861,433,305,82,7,0,0,2,32,1111065000,혜화동
서울특별시 종로구 창신동,4311,2141,1691,325,17,5,1,7,124,1111067000,창신제1동
서울특별시 종로구 창신동,4311,2141,1691,325,17,5,1,7,124,1111067000,창신제1동
서울특별시 종로구 창신동,4311,2141,1691,325,17,5,1,7,124,1111067000,창신제1동
서울특별시 종로구 숭인동,3737,1950,1386,274,14,2,0,6,105,1111070000,숭인제1동
서울특별시 종로구 숭인동,3737,1950,1386,274,14,2,0,6,105,1111070000,숭인제1동
서울특별시 종로구 교남동,227,148,51,8,2,0,0,1,17,1111058000,교남동
서울특별시 종로구 평동,595,333,187,12,10,0,1,5,47,1111058000,교남동
서울특별시 종로구 송월동,346,227,88,7,4,0,0,0,20,1111058000,교남동
서울특별시 종로구 홍파동,566,343,149,18,5,0,1,2,48,1111058000,교남동
서울특별시 종로구 교북동,302,182,91,7,3,0,0,1,18,1111058000,교남동
서울특별시 종로구 행촌동,882,452,304,75,5,4,0,2,40,1111058000,교남동
서울특별시 종로구 구기동,1979,1150,609,73,13,1,1,6,126,1111056000,평창동
서울특별시 종로구 평창동,4592,2715,1396,141,48,0,3,11,278,1111056000,평창동
서울특별시 종로구 부암동,1480,856,462,65,14,0,2,5,76,1111055000,부암동
서울특별시 종로구 홍지동,522,314,160,22,0,0,0,0,26,1111055000,부암동
서울특별시 종로구 신영동,1157,605,420,60,11,0,0,1,60,1111055000,부암동
서울특별시 종로구 무악동,2834,1494,973,170,17,0,6,3,171,1111057000,무악동
서울특별시 중구 무교동,218,132,60,12,4,0,0,0,10,1114055000,명동
서울특별시 중구 다동,232,113,73,2,3,0,0,1,40,1114055000,명동
서울특별시 중구 태평로1가,1029,204,464,251,70,5,7,1,27,1114055000,명동
서울특별시 중구 을지로1가,125,63,53,3,1,0,1,1,3,1114055000,명동
서울특별시 중구 을지로2가,1036,319,476,67,33,0,0,87,54,1114055000,명동
서울특별시 중구 남대문로1가,17,8,8,0,0,0,0,0,1,1114055000,명동
서울특별시 중구 삼각동,166,94,51,1,0,0,0,0,20,1114055000,명동
서울특별시 중구 수하동,196,98,61,1,5,0,0,2,29,1114055000,명동
서울특별시 중구 장교동,157,96,50,1,0,0,0,4,6,1114055000,명동
서울특별시 중구 수표동,426,150,226,19,22,0,1,0,8,1114055000,명동
서울특별시 중구 소공동,482,317,142,2,0,0,0,1,20,1114052000,소공동
서울특별시 중구 남창동,247,116,115,13,0,0,0,0,3,1114054000,회현동
서울특별시 중구 북창동,241,117,92,10,0,0,0,9,13,1114052000,소공동
서울특별시 중구 태평로2가,412,126,59,3,216,0,1,2,5,1114052000,소공동
서울특별시 중구 남대문로2가,314,39,270,1,0,0,0,3,1,1114055000,명동
서울특별시 중구 남대문로2가,314,39,270,1,0,0,0,3,1,1114055000,명동
서울특별시 중구 남대문로3가,37,11,14,0,0,0,0,0,12,1114052000,소공동
서울특별시 중구 남대문로3가,37,11,14,0,0,0,0,0,12,1114052000,소공동
서울특별시 중구 남대문로4가,135,91,42,0,0,0,0,0,2,1114052000,소공동
서울특별시 중구 남대문로4가,135,91,42,0,0,0,0,0,2,1114052000,소공동
서울특별시 중구 남대문로5가,10328,5675,4010,10,131,0,1,3,498,1114054000,회현동
서울특별시 중구 봉래동1가,167,49,107,3,0,0,1,1,6,1114052000,소공동
서울특별시 중구 봉래동1가,167,49,107,3,0,0,1,1,6,1114052000,소공동
서울특별시 중구 봉래동2가,50,8,34,3,1,0,0,0,4,1114054000,회현동
서울특별시 중구 회현동1가,1172,617,442,41,13,0,1,1,57,1114055000,명동
서울특별시 중구 회현동1가,1172,617,442,41,13,0,1,1,57,1114055000,명동
서울특별시 중구 회현동2가,1731,826,795,8,11,0,0,4,87,1114055000,명동
서울특별시 중구 회현동2가,1731,826,795,8,11,0,0,4,87,1114055000,명동
서울특별시 중구 회현동3가,47,28,19,0,0,0,0,0,0,1114055000,명동
서울특별시 중구 충무로1가,165,77,73,11,0,0,1,0,3,1114055000,명동
서울특별시 중구 충무로1가,165,77,73,11,0,0,1,0,3,1114055000,명동
서울특별시 중구 충무로2가,339,213,99,11,3,1,0,1,11,1114055000,명동
서울특별시 중구 명동1가,82,44,34,2,1,0,0,0,1,1114055000,명동
서울특별시 중구 명동2가,468,141,301,11,4,0,0,0,11,1114055000,명동
서울특별시 중구 남산동1가,90,36,34,8,6,0,0,0,6,1114055000,명동
서울특별시 중구 남산동2가,223,113,91,9,0,2,0,0,8,1114055000,명동
서울특별시 중구 남산동3가,50,26,20,0,0,0,0,1,3,1114055000,명동
서울특별시 중구 저동1가,76,57,15,2,0,0,0,0,2,1114055000,명동
서울특별시 중구 충무로4가,618,345,213,21,3,0,0,0,36,1114057000,필동
서울특별시 중구 충무로4가,618,345,213,21,3,0,0,0,36,1114057000,필동
서울특별시 중구 충무로5가,273,150,101,6,4,0,0,0,12,1114057000,필동
서울특별시 중구 충무로5가,273,150,101,6,4,0,0,0,12,1114057000,필동
서울특별시 중구 인현동2가,183,85,73,16,0,0,0,1,8,1114059000,광희동
서울특별시 중구 예관동,246,62,134,8,29,7,0,1,5,1114059000,광희동
서울특별시 중구 묵정동,310,153,130,16,1,0,0,0,10,1114057000,필동
서울특별시 중구 묵정동,310,153,130,16,1,0,0,0,10,1114057000,필동
서울특별시 중구 필동1가,159,98,50,5,0,0,0,0,6,1114057000,필동
서울특별시 중구 필동2가,499,272,174,22,5,1,0,4,21,1114057000,필동
서울특별시 중구 필동3가,376,195,133,26,3,0,0,1,18,1114057000,필동
서울특별시 중구 남학동,19,11,8,0,0,0,0,0,0,1114057000,필동
서울특별시 중구 주자동,46,25,17,4,0,0,0,0,0,1114057000,필동
서울특별시 중구 예장동,357,149,146,22,18,0,1,3,18,1114055000,명동
서울특별시 중구 예장동,357,149,146,22,18,0,1,3,18,1114055000,명동
서울특별시 중구 장충동1가,576,303,202,40,9,0,2,3,17,1114058000,장충동
서울특별시 중구 장충동2가,758,330,315,65,16,0,1,7,24,1114057000,필동
서울특별시 중구 장충동2가,758,330,315,65,16,0,1,7,24,1114057000,필동
서울특별시 중구 광희동1가,232,99,109,16,1,0,1,0,6,1114059000,광희동
서울특별시 중구 광희동2가,232,104,98,22,0,0,0,3,5,1114059000,광희동
서울특별시 중구 쌍림동,300,135,128,24,3,1,0,0,9,1114059000,광희동
서울특별시 중구 을지로6가,250,111,112,10,2,0,2,1,12,1114059000,광희동
서울특별시 중구 을지로7가,49,23,18,3,0,0,0,5,0,1114059000,광희동
서울특별시 중구 을지로4가,138,70,57,3,1,0,0,1,6,1114060500,을지로동
서울특별시 중구 을지로5가,216,91,102,12,2,0,0,0,9,1114060500,을지로동
서울특별시 중구 주교동,169,82,79,5,0,0,0,1,2,1114060500,을지로동
서울특별시 중구 방산동,42,14,26,1,1,0,0,0,0,1114060500,을지로동
서울특별시 중구 오장동,304,128,136,34,0,0,0,0,6,1114059000,광희동
서울특별시 중구 을지로3가,410,195,186,15,0,0,1,0,13,1114060500,을지로동
서울특별시 중구 입정동,141,49,79,10,1,0,0,0,2,1114060500,을지로동
서울특별시 중구 산림동,170,74,88,5,1,0,0,0,2,1114060500,을지로동
서울특별시 중구 충무로3가,261,148,86,9,4,0,2,0,12,1114057000,필동
서울특별시 중구 초동,153,79,65,5,0,0,0,0,4,1114060500,을지로동
서울특별시 중구 인현동1가,118,43,65,7,0,2,0,0,1,1114060500,을지로동
서울특별시 중구 저동2가,209,121,75,5,2,0,0,0,6,1114060500,을지로동
서울특별시 중구 신당동,20224,10430,7303,1593,120,4,10,46,718,1114061500,신당동
서울특별시 중구 신당동,20224,10430,7303,1593,120,4,10,46,718,1114061500,신당동
서울특별시 중구 신당동,20224,10430,7303,1593,120,4,10,46,718,1114061500,신당동
서울특별시 중구 신당동,20224,10430,7303,1593,120,4,10,46,718,1114061500,신당동
서울특별시 중구 신당동,20224,10430,7303,1593,120,4,10,46,718,1114061500,신당동
서울특별시 중구 신당동,20224,10430,7303,1593,120,4,10,46,718,1114061500,신당동
서울특별시 중구 흥인동,752,436,271,22,2,0,0,1,20,1114061500,신당동
서울특별시 중구 무학동,128,40,67,4,11,0,0,1,5,1114061500,신당동
서울특별시 중구 황학동,3456,1777,1373,145,27,0,2,10,122,1114067000,황학동
서울특별시 중구 서소문동,1280,256,939,36,12,1,0,25,11,1114052000,소공동
서울특별시 중구 정동,375,174,169,13,3,0,1,0,15,1114052000,소공동
서울특별시 중구 순화동,1297,661,473,37,12,1,0,48,65,1114052000,소공동
서울특별시 중구 순화동,1297,661,473,37,12,1,0,48,65,1114052000,소공동
서울특별시 중구 의주로1가,74,45,26,1,0,0,0,0,2,1114052000,소공동
서울특별시 중구 충정로1가,28,13,15,0,0,0,0,0,0,1114052000,소공동
서울특별시 중구 중림동,1805,982,647,94,14,0,0,0,68,1114068000,중림동
서울특별시 중구 의주로2가,3,1,2,0,0,0,0,0,0,1114068000,중림동
서울특별시 중구 만리동1가,533,240,237,15,5,9,0,0,27,1114068000,중림동
서울특별시 중구 만리동2가,1532,906,443,60,17,1,2,5,98,1114068000,중림동
서울특별시 용산구 후암동,4040,2138,1454,283,32,9,3,1,120,1117051000,후암동
서울특별시 용산구 용산동2가,2144,1141,749,182,14,1,1,1,55,1117052000,용산2가동
서울특별시 용산구 용산동4가,4,4,0,0,0,0,0,0,0,1117052000,용산2가동
서울특별시 용산구 갈월동,1358,647,508,56,8,0,1,4,134,1117053000,남영동
서울특별시 용산구 남영동,265,128,108,12,1,0,0,12,4,1117053000,남영동
서울특별시 용산구 용산동1가,9,5,2,0,2,0,0,0,0,1117053000,남영동
서울특별시 용산구 동자동,965,524,339,44,6,0,0,7,45,1117053000,남영동
서울특별시 용산구 서계동,1266,589,509,132,4,0,1,2,29,1117055500,청파동
서울특별시 용산구 청파동1가,1665,879,617,95,8,0,0,5,61,1117055500,청파동
서울특별시 용산구 청파동2가,622,324,224,47,6,0,0,0,21,1117055500,청파동
서울특별시 용산구 청파동3가,741,394,267,53,3,0,1,2,21,1117055500,청파동
서울특별시 용산구 원효로1가,2092,1096,790,95,22,3,1,4,81,1117056000,원효로제1동
서울특별시 용산구 원효로2가,754,370,313,45,2,0,0,0,24,1117056000,원효로제1동
서울특별시 용산구 신창동,631,331,223,42,3,0,0,1,31,1117057000,원효로제2동
서울특별시 용산구 산천동,1680,960,528,97,7,0,0,1,87,1117057000,원효로제2동
서울특별시 용산구 청암동,286,197,64,2,2,0,0,1,20,1117057000,원효로제2동
서울특별시 용산구 원효로3가,1092,408,597,46,7,0,1,1,32,1117057000,원효로제2동
서울특별시 용산구 원효로4가,1369,708,492,76,22,4,1,2,64,1117057000,원효로제2동
서울특별시 용산구 효창동,3112,1629,1128,169,12,0,7,3,164,1117058000,효창동
서울특별시 용산구 도원동,1677,994,509,87,11,0,0,2,74,1117059000,용문동
서울특별시 용산구 용문동,1728,880,648,115,13,0,2,1,69,1117059000,용문동
서울특별시 용산구 문배동,2212,1209,788,52,27,0,1,3,132,1117056000,원효로제1동
서울특별시 용산구 신계동,1203,633,435,52,9,0,2,3,69,1117056000,원효로제1동
서울특별시 용산구 한강로1가,3651,2848,562,53,15,1,0,89,83,1117062500,한강로동
서울특별시 용산구 한강로2가,3373,1795,1247,135,28,2,2,4,160,1117062500,한강로동
서울특별시 용산구 용산동3가,199,109,68,9,2,0,1,0,10,1117062500,한강로동
서울특별시 용산구 용산동5가,1091,710,287,12,8,0,1,1,72,1117062500,한강로동
서울특별시 용산구 한강로3가,4086,2209,1460,118,45,2,1,36,215,1117062500,한강로동
서울특별시 용산구 이촌동,16134,10703,3798,360,258,1,12,20,982,1117063000,이촌제1동
서울특별시 용산구 이촌동,16134,10703,3798,360,258,1,12,20,982,1117063000,이촌제1동
서울특별시 용산구 이태원동,4857,2705,1599,275,68,6,6,7,191,1117065000,이태원제1동
서울특별시 용산구 이태원동,4857,2705,1599,275,68,6,6,7,191,1117065000,이태원제1동
서울특별시 용산구 한남동,7530,4257,2526,297,98,0,3,28,321,1117068500,한남동
서울특별시 용산구 동빙고동,2133,1167,686,152,15,0,0,5,108,1117069000,서빙고동
서울특별시 용산구 서빙고동,2207,1363,628,52,8,0,2,2,152,1117069000,서빙고동
서울특별시 용산구 주성동,271,136,95,22,1,0,0,1,16,1117069000,서빙고동
서울특별시 용산구 용산동6가,57,7,49,0,0,0,0,0,1,1117069000,서빙고동
서울특별시 용산구 보광동,3087,1576,1113,269,14,0,1,3,111,1117070000,보광동
서울특별시 성동구 상왕십리동,1196,658,424,41,5,0,0,10,58,1120053500,왕십리도선동
서울특별시 성동구 하왕십리동,9230,5158,3079,446,56,1,8,18,464,1120053500,왕십리도선동
서울특별시 성동구 하왕십리동,9230,5158,3079,446,56,1,8,18,464,1120053500,왕십리도선동
서울특별시 성동구 홍익동,1032,494,445,59,6,10,0,0,18,1120053500,왕십리도선동
서울특별시 성동구 도선동,1155,582,452,72,3,1,1,1,43,1120053500,왕십리도선동
서울특별시 성동구 마장동,8493,3279,3738,1127,102,4,3,14,226,1120054000,마장동
서울특별시 성동구 사근동,1194,553,468,129,2,0,1,0,41,1120055000,사근동
서울특별시 성동구 행당동,11999,6739,3838,612,122,13,4,37,634,1120055000,사근동
서울특별시 성동구 행당동,11999,6739,3838,612,122,13,4,37,634,1120055000,사근동
서울특별시 성동구 행당동,11999,6739,3838,612,122,13,4,37,634,1120055000,사근동
서울특별시 성동구 응봉동,4603,2561,1515,245,18,0,0,11,253,1120058000,응봉동
서울특별시 성동구 금호동1가,4842,2643,1559,361,23,2,3,16,235,1120059000,금호1가동
서울특별시 성동구 금호동2가,2960,1620,1020,137,22,1,1,5,154,1120061500,금호2.3가동
서울특별시 성동구 금호동3가,3292,1802,1135,210,14,0,1,4,126,1120061500,금호2.3가동
서울특별시 성동구 금호동4가,4545,2529,1485,210,39,0,2,15,265,1120062000,금호4가동
서울특별시 성동구 옥수동,8828,5205,2706,274,69,11,6,28,529,1120064500,옥수동
서울특별시 성동구 성수동1가,17735,10113,5068,997,616,318,9,123,491,1120065000,성수1가제1동
서울특별시 성동구 성수동1가,17735,10113,5068,997,616,318,9,123,491,1120065000,성수1가제1동
서울특별시 성동구 성수동2가,15634,7082,6263,1523,133,94,9,27,503,1120067000,성수2가제1동
서울특별시 성동구 성수동2가,15634,7082,6263,1523,133,94,9,27,503,1120067000,성수2가제1동
서울특별시 성동구 송정동,2839,1318,1145,274,14,1,0,6,81,1120079000,용답동
서울특별시 성동구 송정동,2839,1318,1145,274,14,1,0,6,81,1120079000,용답동
서울특별시 성동구 용답동,7437,3323,2831,1080,41,2,1,6,153,1120079000,용답동
서울특별시 광진구 중곡동,21656,10310,8453,2166,84,18,4,27,594,1121574000,중곡제1동
서울특별시 광진구 중곡동,21656,10310,8453,2166,84,18,4,27,594,1121574000,중곡제1동
서울특별시 광진구 중곡동,21656,10310,8453,2166,84,18,4,27,594,1121574000,중곡제1동
서울특별시 광진구 중곡동,21656,10310,8453,2166,84,18,4,27,594,1121574000,중곡제1동
서울특별시 광진구 능동,3001,1563,1082,227,16,0,1,6,106,1121578000,능동
서울특별시 광진구 구의동,22682,12117,7850,1657,103,6,15,38,896,1121585000,구의제1동
서울특별시 광진구 구의동,22682,12117,7850,1657,103,6,15,38,896,1121585000,구의제1동
서울특별시 광진구 구의동,22682,12117,7850,1657,103,6,15,38,896,1121585000,구의제1동
서울특별시 광진구 광장동,11738,7021,3489,416,54,6,4,26,722,1121581000,광장동
서울특별시 광진구 자양동,30367,14630,12164,2141,163,156,8,41,1064,1121582000,자양제1동
서울특별시 광진구 자양동,30367,14630,12164,2141,163,156,8,41,1064,1121582000,자양제1동
서울특별시 광진구 자양동,30367,14630,12164,2141,163,156,8,41,1064,1121582000,자양제1동
서울특별시 광진구 자양동,30367,14630,12164,2141,163,156,8,41,1064,1121582000,자양제1동
서울특별시 광진구 화양동,4054,2166,1341,390,25,1,3,7,121,1121571000,화양동
서울특별시 광진구 군자동,5059,2450,1901,510,26,1,4,8,159,1121573000,군자동
서울특별시 동대문구 신설동,1377,660,599,85,2,0,0,2,29,1123053600,용신동
서울특별시 동대문구 용두동,8448,4003,3504,591,62,10,2,18,258,1123053600,용신동
서울특별시 동대문구 제기동,6464,3166,2564,519,23,2,1,9,180,1123054500,제기동
서울특별시 동대문구 전농동,13211,6769,4731,1098,77,2,7,23,504,1123056000,전농제1동
서울특별시 동대문구 전농동,13211,6769,4731,1098,77,2,7,23,504,1123056000,전농제1동
서울특별시 동대문구 답십리동,18212,9249,6606,1518,102,11,6,34,686,1123060000,답십리제1동
서울특별시 동대문구 답십리동,18212,9249,6606,1518,102,11,6,34,686,1123060000,답십리제1동
서울특별시 동대문구 장안동,23722,11493,9056,2226,104,3,14,62,764,1123065000,장안제1동
서울특별시 동대문구 장안동,23722,11493,9056,2226,104,3,14,62,764,1123065000,장안제1동
서울특별시 동대문구 청량리동,5169,2553,1858,569,33,0,3,6,147,1123070500,청량리동
서울특별시 동대문구 회기동,2100,1141,708,159,9,0,3,5,75,1123071000,회기동
서울특별시 동대문구 휘경동,10241,5142,3738,917,43,16,5,19,361,1123072000,휘경제1동
서울특별시 동대문구 휘경동,10241,5142,3738,917,43,16,5,19,361,1123072000,휘경제1동
서울특별시 동대문구 이문동,9446,4910,3314,838,39,2,5,27,311,1123074000,이문제1동
서울특별시 동대문구 이문동,9446,4910,3314,838,39,2,5,27,311,1123074000,이문제1동
서울특별시 중랑구 면목동,37557,17580,14560,3951,165,250,15,42,994,1126052000,면목제2동
서울특별시 중랑구 면목동,37557,17580,14560,3951,165,250,15,42,994,1126052000,면목제2동
서울특별시 중랑구 면목동,37557,17580,14560,3951,165,250,15,42,994,1126052000,면목제2동
서울특별시 중랑구 면목동,37557,17580,14560,3951,165,250,15,42,994,1126052000,면목제2동
서울특별시 중랑구 면목동,37557,17580,14560,3951,165,250,15,42,994,1126052000,면목제2동
서울특별시 중랑구 면목동,37557,17580,14560,3951,165,250,15,42,994,1126052000,면목제2동
서울특별시 중랑구 상봉동,13686,6726,4929,1487,71,5,4,25,439,1126058000,상봉제1동
서울특별시 중랑구 상봉동,13686,6726,4929,1487,71,5,4,25,439,1126058000,상봉제1동
서울특별시 중랑구 중화동,11853,5652,4594,1280,50,0,5,18,254,1126060000,중화제1동
서울특별시 중랑구 중화동,11853,5652,4594,1280,50,0,5,18,254,1126060000,중화제1동
서울특별시 중랑구 묵동,16419,8133,6243,1464,61,3,4,29,482,1126062000,묵제1동
서울특별시 중랑구 묵동,16419,8133,6243,1464,61,3,4,29,482,1126062000,묵제1동
서울특별시 중랑구 망우동,15048,6064,5621,2930,95,7,6,18,307,1126065500,망우본동
서울특별시 중랑구 망우동,15048,6064,5621,2930,95,7,6,18,307,1126065500,망우본동
서울특별시 중랑구 신내동,19733,9242,7210,2338,137,112,7,56,631,1126068000,신내1동
서울특별시 중랑구 신내동,19733,9242,7210,2338,137,112,7,56,631,1126068000,신내1동
서울특별시 성북구 성북동,3355,1931,1057,176,32,1,2,4,152,1129052500,성북동
서울특별시 성북구 성북동1가,385,230,122,13,4,0,0,2,14,1129052500,성북동
서울특별시 성북구 돈암동,12033,7023,3625,686,66,1,4,33,595,1129055500,삼선동
서울특별시 성북구 돈암동,12033,7023,3625,686,66,1,4,33,595,1129055500,삼선동
서울특별시 성북구 돈암동,12033,7023,3625,686,66,1,4,33,595,1129055500,삼선동
서울특별시 성북구 돈암동,12033,7023,3625,686,66,1,4,33,595,1129055500,삼선동
서울특별시 성북구 돈암동,12033,7023,3625,686,66,1,4,33,595,1129055500,삼선동
서울특별시 성북구 동소문동1가,248,127,96,11,2,0,0,2,10,1129052500,성북동
서울특별시 성북구 동소문동2가,109,51,40,13,1,0,0,1,3,1129055500,삼선동
서울특별시 성북구 동소문동3가,50,20,25,5,0,0,0,0,0,1129055500,삼선동
서울특별시 성북구 동소문동4가,819,473,255,60,5,0,0,2,24,1129052500,성북동
서울특별시 성북구 동소문동5가,341,168,146,14,1,0,1,0,11,1129055500,삼선동
서울특별시 성북구 동소문동6가,466,203,227,29,0,1,0,0,6,1129057500,동선동
서울특별시 성북구 동소문동7가,690,411,208,31,1,0,0,2,37,1129057500,동선동
서울특별시 성북구 삼선동1가,847,456,293,73,3,0,0,1,21,1129055500,삼선동
서울특별시 성북구 삼선동2가,1668,918,587,79,6,0,1,5,72,1129055500,삼선동
서울특별시 성북구 삼선동3가,1050,539,400,56,7,0,0,3,45,1129055500,삼선동
서울특별시 성북구 삼선동4가,714,390,229,59,2,0,2,0,32,1129055500,삼선동
서울특별시 성북구 삼선동5가,974,434,425,46,35,15,0,2,17,1129055500,삼선동
서울특별시 성북구 동선동1가,223,119,80,17,2,0,0,0,5,1129057500,동선동
서울특별시 성북구 동선동2가,359,188,130,27,3,8,0,0,3,1129057500,동선동
서울특별시 성북구 동선동3가,511,265,190,38,0,0,0,1,17,1129057500,동선동
서울특별시 성북구 동선동4가,560,288,207,44,1,0,0,2,18,1129057500,동선동
서울특별시 성북구 동선동5가,458,253,155,37,1,0,0,0,12,1129057500,동선동
서울특별시 성북구 안암동1가,873,474,276,63,6,0,0,4,50,1129060000,안암동
서울특별시 성북구 안암동2가,390,192,139,45,2,0,0,0,12,1129060000,안암동
서울특별시 성북구 안암동3가,917,485,338,73,0,0,0,1,20,1129060000,안암동
서울특별시 성북구 안암동4가,321,156,136,20,0,0,0,0,9,1129060000,안암동
서울특별시 성북구 안암동5가,622,320,240,43,2,0,0,2,15,1129060000,안암동
서울특별시 성북구 보문동4가,356,154,169,17,7,0,0,0,9,1129061000,보문동
서울특별시 성북구 보문동5가,450,184,221,37,2,0,0,0,6,1129061000,보문동
서울특별시 성북구 보문동6가,1746,933,632,92,12,0,1,8,68,1129061000,보문동
서울특별시 성북구 보문동7가,305,145,140,11,1,0,0,0,8,1129061000,보문동
서울특별시 성북구 보문동1가,96,43,41,9,0,0,0,0,3,1129061000,보문동
서울특별시 성북구 보문동2가,630,232,183,199,5,0,1,0,10,1129061000,보문동
서울특별시 성북구 보문동3가,844,497,261,36,4,0,2,1,43,1129061000,보문동
서울특별시 성북구 정릉동,23462,11804,7907,2040,185,607,9,47,863,1129062000,정릉제1동
서울특별시 성북구 정릉동,23462,11804,7907,2040,185,607,9,47,863,1129062000,정릉제1동
서울특별시 성북구 정릉동,23462,11804,7907,2040,185,607,9,47,863,1129062000,정릉제1동
서울특별시 성북구 정릉동,23462,11804,7907,2040,185,607,9,47,863,1129062000,정릉제1동
서울특별시 성북구 길음동,14661,8483,4526,847,87,14,7,33,664,1129062000,정릉제1동
서울특별시 성북구 길음동,14661,8483,4526,847,87,14,7,33,664,1129062000,정릉제1동
서울특별시 성북구 길음동,14661,8483,4526,847,87,14,7,33,664,1129062000,정릉제1동
서울특별시 성북구 종암동,10743,5566,3867,795,58,1,3,26,427,1129070500,종암동
서울특별시 성북구 하월곡동,11644,6101,4174,851,57,2,6,28,425,1129072500,월곡제2동
서울특별시 성북구 하월곡동,11644,6101,4174,851,57,2,6,28,425,1129072500,월곡제2동
서울특별시 성북구 하월곡동,11644,6101,4174,851,57,2,6,28,425,1129072500,월곡제2동
서울특별시 성북구 상월곡동,2586,1264,977,249,16,0,3,2,75,1129072500,월곡제2동
서울특별시 성북구 장위동,14994,7360,5664,1334,86,11,6,27,506,1129076000,장위제1동
서울특별시 성북구 장위동,14994,7360,5664,1334,86,11,6,27,506,1129076000,장위제1동
서울특별시 성북구 장위동,14994,7360,5664,1334,86,11,6,27,506,1129076000,장위제1동
서울특별시 성북구 석관동,9789,4597,3749,1015,45,84,4,13,282,1129081000,석관동
서울특별시 강북구 미아동,33095,16795,11969,3038,151,11,10,68,1053,1130553400,삼양동
서울특별시 강북구 미아동,33095,16795,11969,3038,151,11,10,68,1053,1130553400,삼양동
서울특별시 강북구 미아동,33095,16795,11969,3038,151,11,10,68,1053,1130553400,삼양동
서울특별시 강북구 미아동,33095,16795,11969,3038,151,11,10,68,1053,1130553400,삼양동
서울특별시 강북구 미아동,33095,16795,11969,3038,151,11,10,68,1053,1130553400,삼양동
서울특별시 강북구 번동,12991,5949,4596,1824,89,222,3,15,293,1130559500,번1동
서울특별시 강북구 번동,12991,5949,4596,1824,89,222,3,15,293,1130559500,번1동
서울특별시 강북구 번동,12991,5949,4596,1824,89,222,3,15,293,1130559500,번1동
서울특별시 강북구 수유동,26223,12453,9868,2790,146,294,6,29,637,1130564500,우이동
서울특별시 강북구 수유동,26223,12453,9868,2790,146,294,6,29,637,1130564500,우이동
서울특별시 강북구 수유동,26223,12453,9868,2790,146,294,6,29,637,1130564500,우이동
서울특별시 강북구 수유동,26223,12453,9868,2790,146,294,6,29,637,1130564500,우이동
서울특별시 강북구 수유동,26223,12453,9868,2790,146,294,6,29,637,1130564500,우이동
서울특별시 강북구 우이동,3263,1534,1190,289,14,146,1,1,88,1130564500,우이동
서울특별시 도봉구 쌍문동,20735,10313,7450,2283,87,15,2,33,552,1132066000,쌍문제1동
서울특별시 도봉구 쌍문동,20735,10313,7450,2283,87,15,2,33,552,1132066000,쌍문제1동
서울특별시 도봉구 쌍문동,20735,10313,7450,2283,87,15,2,33,552,1132066000,쌍문제1동
서울특별시 도봉구 쌍문동,20735,10313,7450,2283,87,15,2,33,552,1132066000,쌍문제1동
서울특별시 도봉구 방학동,23568,11162,8141,3414,185,11,5,50,600,1132069000,방학제1동
서울특별시 도봉구 방학동,23568,11162,8141,3414,185,11,5,50,600,1132069000,방학제1동
서울특별시 도봉구 방학동,23568,11162,8141,3414,185,11,5,50,600,1132069000,방학제1동
서울특별시 도봉구 창동,36270,18527,12570,3672,170,35,14,60,1222,1132051100,창제1동
서울특별시 도봉구 창동,36270,18527,12570,3672,170,35,14,60,1222,1132051100,창제1동
서울특별시 도봉구 창동,36270,18527,12570,3672,170,35,14,60,1222,1132051100,창제1동
서울특별시 도봉구 창동,36270,18527,12570,3672,170,35,14,60,1222,1132051100,창제1동
서울특별시 도봉구 창동,36270,18527,12570,3672,170,35,14,60,1222,1132051100,창제1동
서울특별시 도봉구 도봉동,15097,6988,5440,1873,70,289,4,23,410,1132052100,도봉제1동
서울특별시 도봉구 도봉동,15097,6988,5440,1873,70,289,4,23,410,1132052100,도봉제1동
서울특별시 노원구 월계동,23740,11881,8102,2688,104,144,6,49,766,1135056000,월계1동
서울특별시 노원구 월계동,23740,11881,8102,2688,104,144,6,49,766,1135056000,월계1동
서울특별시 노원구 월계동,23740,11881,8102,2688,104,144,6,49,766,1135056000,월계1동
서울특별시 노원구 공릉동,23406,11722,7997,2568,104,66,17,56,876,1135059500,공릉1동
서울특별시 노원구 공릉동,23406,11722,7997,2568,104,66,17,56,876,1135059500,공릉1동
서울특별시 노원구 하계동,13853,7682,4349,1157,55,4,6,20,580,1135061100,하계1동
서울특별시 노원구 하계동,13853,7682,4349,1157,55,4,6,20,580,1135061100,하계1동
서울특별시 노원구 상계동,60809,31061,19723,7255,341,383,16,89,1941,1135062400,중계4동
서울특별시 노원구 상계동,60809,31061,19723,7255,341,383,16,89,1941,1135062400,중계4동
서울특별시 노원구 상계동,60809,31061,19723,7255,341,383,16,89,1941,1135062400,중계4동
서울특별시 노원구 상계동,60809,31061,19723,7255,341,383,16,89,1941,1135062400,중계4동
서울특별시 노원구 상계동,60809,31061,19723,7255,341,383,16,89,1941,1135062400,중계4동
서울특별시 노원구 상계동,60809,31061,19723,7255,341,383,16,89,1941,1135062400,중계4동
서울특별시 노원구 상계동,60809,31061,19723,7255,341,383,16,89,1941,1135062400,중계4동
서울특별시 노원구 상계동,60809,31061,19723,7255,341,383,16,89,1941,1135062400,중계4동
서울특별시 노원구 상계동,60809,31061,19723,7255,341,383,16,89,1941,1135062400,중계4동
서울특별시 노원구 중계동,30609,16548,9881,2741,121,10,10,63,1235,1135062400,중계4동
서울특별시 노원구 중계동,30609,16548,9881,2741,121,10,10,63,1235,1135062400,중계4동
서울특별시 노원구 중계동,30609,16548,9881,2741,121,10,10,63,1235,1135062400,중계4동
서울특별시 노원구 중계동,30609,16548,9881,2741,121,10,10,63,1235,1135062400,중계4동
서울특별시 은평구 수색동,3996,2062,1266,300,20,165,5,8,170,1138065000,수색동
서울특별시 은평구 녹번동,10478,5514,3683,721,87,18,7,14,434,1138051000,녹번동
서울특별시 은평구 불광동,16876,9222,5603,1362,64,1,7,20,597,1138052000,불광제1동
서울특별시 은평구 불광동,16876,9222,5603,1362,64,1,7,20,597,1138052000,불광제1동
서울특별시 은평구 갈현동,13170,6942,4622,1178,41,1,4,24,358,1138055100,갈현제1동
서울특별시 은평구 갈현동,13170,6942,4622,1178,41,1,4,24,358,1138055100,갈현제1동
서울특별시 은평구 구산동,9384,4599,3241,913,41,295,5,14,276,1138056000,구산동
서울특별시 은평구 대조동,6012,3156,2128,544,18,0,5,5,156,1138057000,대조동
서울특별시 은평구 응암동,23504,12512,8119,1804,126,2,12,38,891,1138058000,응암제1동
서울특별시 은평구 응암동,23504,12512,8119,1804,126,2,12,38,891,1138058000,응암제1동
서울특별시 은평구 응암동,23504,12512,8119,1804,126,2,12,38,891,1138058000,응암제1동
서울특별시 은평구 역촌동,12220,6279,4397,1104,49,2,6,17,366,1138062500,역촌동
서울특별시 은평구 신사동,14357,6632,4737,2457,79,7,18,20,407,1138063100,신사제1동
서울특별시 은평구 신사동,14357,6632,4737,2457,79,7,18,20,407,1138063100,신사제1동
서울특별시 은평구 증산동,4660,2154,1646,679,25,2,6,10,138,1138064000,증산동
서울특별시 은평구 진관동,17958,9902,5384,1376,171,214,20,46,845,1138069000,진관동
서울특별시 서대문구 충정로2가,511,261,207,26,1,0,1,2,13,1141056500,충현동
서울특별시 서대문구 충정로3가,1814,820,717,186,5,6,1,2,77,1141056500,충현동
서울특별시 서대문구 합동,400,243,114,23,8,0,0,0,12,1141056500,충현동
서울특별시 서대문구 미근동,826,270,471,15,11,0,1,31,27,1141056500,충현동
서울특별시 서대문구 냉천동,927,545,280,44,4,1,1,0,52,1141052000,천연동
서울특별시 서대문구 천연동,1230,684,400,87,5,0,0,1,53,1141052000,천연동
서울특별시 서대문구 옥천동,166,92,53,18,0,0,0,0,3,1141052000,천연동
서울특별시 서대문구 영천동,1077,564,387,75,4,0,0,1,46,1141052000,천연동
서울특별시 서대문구 현저동,1546,972,393,72,9,0,3,0,97,1141052000,천연동
서울특별시 서대문구 북아현동,7861,4361,2589,454,61,19,4,10,363,1141056500,충현동
서울특별시 서대문구 북아현동,7861,4361,2589,454,61,19,4,10,363,1141056500,충현동
서울특별시 서대문구 홍제동,14294,8000,4612,969,63,7,11,17,615,1141062000,홍제제1동
서울특별시 서대문구 홍제동,14294,8000,4612,969,63,7,11,17,615,1141062000,홍제제1동
서울특별시 서대문구 홍제동,14294,8000,4612,969,63,7,11,17,615,1141062000,홍제제1동
서울특별시 서대문구 대현동,1329,737,370,153,8,0,2,1,58,1141058500,신촌동
서울특별시 서대문구 대현동,1329,737,370,153,8,0,2,1,58,1141058500,신촌동
서울특별시 서대문구 대신동,291,174,96,7,1,0,0,0,13,1141058500,신촌동
서울특별시 서대문구 신촌동,271,142,107,7,1,3,1,1,9,1141058500,신촌동
서울특별시 서대문구 봉원동,122,58,50,10,1,0,0,0,3,1141058500,신촌동
서울특별시 서대문구 창천동,1970,1030,649,211,13,0,2,1,64,1141058500,신촌동
서울특별시 서대문구 연희동,10159,5550,3394,685,108,14,10,6,392,1141061500,연희동
서울특별시 서대문구 홍은동,14485,7668,4846,1254,86,77,7,26,521,1141066000,홍은제1동
서울특별시 서대문구 홍은동,14485,7668,4846,1254,86,77,7,26,521,1141066000,홍은제1동
서울특별시 서대문구 북가좌동,16225,7510,5606,2370,92,54,11,49,533,1141071000,북가좌제1동
서울특별시 서대문구 북가좌동,16225,7510,5606,2370,92,54,11,49,533,1141071000,북가좌제1동
서울특별시 서대문구 남가좌동,13967,7552,4647,840,72,91,15,35,715,1141069000,남가좌제1동
서울특별시 서대문구 남가좌동,13967,7552,4647,840,72,91,15,35,715,1141069000,남가좌제1동
서울특별시 마포구 아현동,7415,4338,2236,348,44,2,5,14,428,1144056500,공덕동
서울특별시 마포구 아현동,7415,4338,2236,348,44,2,5,14,428,1144056500,공덕동
서울특별시 마포구 공덕동,8174,4609,2697,385,53,0,8,18,404,1144056500,공덕동
서울특별시 마포구 공덕동,8174,4609,2697,385,53,0,8,18,404,1144056500,공덕동
서울특별시 마포구 공덕동,8174,4609,2697,385,53,0,8,18,404,1144056500,공덕동
서울특별시 마포구 신공덕동,4128,2436,1205,210,44,0,3,7,223,1144056500,공덕동
서울특별시 마포구 도화동,9224,4975,3280,465,52,1,2,42,407,1144059000,용강동
서울특별시 마포구 도화동,9224,4975,3280,465,52,1,2,42,407,1144059000,용강동
서울특별시 마포구 도화동,9224,4975,3280,465,52,1,2,42,407,1144059000,용강동
서울특별시 마포구 용강동,2653,1574,775,124,16,0,2,7,155,1144059000,용강동
서울특별시 마포구 토정동,496,297,157,17,2,0,0,1,22,1144059000,용강동
서울특별시 마포구 마포동,2789,1420,1072,173,11,0,1,2,110,1144059000,용강동
서울특별시 마포구 마포동,2789,1420,1072,173,11,0,1,2,110,1144059000,용강동
서울특별시 마포구 대흥동,4890,2751,1548,298,30,0,7,7,249,1144059000,용강동
서울특별시 마포구 대흥동,4890,2751,1548,298,30,0,7,7,249,1144059000,용강동
서울특별시 마포구 대흥동,4890,2751,1548,298,30,0,7,7,249,1144059000,용강동
서울특별시 마포구 염리동,5620,3009,2051,226,35,0,6,22,271,1144059000,용강동
서울특별시 마포구 염리동,5620,3009,2051,226,35,0,6,22,271,1144059000,용강동
서울특별시 마포구 염리동,5620,3009,2051,226,35,0,6,22,271,1144059000,용강동
서울특별시 마포구 노고산동,1259,703,387,133,4,0,1,1,30,1144066000,서교동
서울특별시 마포구 노고산동,1259,703,387,133,4,0,1,1,30,1144066000,서교동
서울특별시 마포구 신수동,4779,2569,1651,288,23,13,4,6,225,1144063000,신수동
서울특별시 마포구 신수동,4779,2569,1651,288,23,13,4,6,225,1144063000,신수동
서울특별시 마포구 현석동,1838,1075,567,61,10,0,3,1,121,1144063000,신수동
서울특별시 마포구 구수동,462,144,285,23,6,0,0,0,4,1144063000,신수동
서울특별시 마포구 창전동,4478,2623,1343,235,29,3,7,11,227,1144065500,서강동
서울특별시 마포구 상수동,2347,1311,769,92,23,0,2,9,141,1144065500,서강동
서울특별시 마포구 하중동,575,359,151,13,5,0,0,2,45,1144065500,서강동
서울특별시 마포구 신정동,590,351,182,24,5,0,0,0,28,1144065500,서강동
서울특별시 마포구 신정동,590,351,182,24,5,0,0,0,28,1144065500,서강동
서울특별시 마포구 당인동,262,136,88,19,1,0,1,1,16,1144065500,서강동
서울특별시 마포구 서교동,6558,3632,2297,334,39,0,8,12,236,1144066000,서교동
서울특별시 마포구 동교동,1775,909,684,92,13,0,1,2,74,1144066000,서교동
서울특별시 마포구 합정동,6483,2991,2698,531,47,2,11,9,194,1144068000,합정동
서울특별시 마포구 망원동,11068,5373,4052,1131,67,28,8,32,377,1144069000,망원제1동
서울특별시 마포구 망원동,11068,5373,4052,1131,67,28,8,32,377,1144069000,망원제1동
서울특별시 마포구 연남동,4165,2226,1465,261,27,11,1,4,170,1144071000,연남동
서울특별시 마포구 성산동,14656,7346,5447,1127,105,23,12,31,565,1144073000,성산제2동
서울특별시 마포구 성산동,14656,7346,5447,1127,105,23,12,31,565,1144073000,성산제2동
서울특별시 마포구 중동,3131,1725,977,270,15,2,7,3,132,1144073000,성산제2동
서울특별시 마포구 상암동,11322,5691,3711,1061,110,233,23,27,466,1144074000,상암동
서울특별시 양천구 신정동,57798,31396,19015,4040,361,317,30,119,2520,1147062000,신정1동
서울특별시 양천구 신정동,57798,31396,19015,4040,361,317,30,119,2520,1147062000,신정1동
서울특별시 양천구 신정동,57798,31396,19015,4040,361,317,30,119,2520,1147062000,신정1동
서울특별시 양천구 신정동,57798,31396,19015,4040,361,317,30,119,2520,1147062000,신정1동
서울특별시 양천구 신정동,57798,31396,19015,4040,361,317,30,119,2520,1147062000,신정1동
서울특별시 양천구 신정동,57798,31396,19015,4040,361,317,30,119,2520,1147062000,신정1동
서울특별시 양천구 목동,48674,28634,14814,2541,245,21,31,101,2287,1147051000,목1동
서울특별시 양천구 목동,48674,28634,14814,2541,245,21,31,101,2287,1147051000,목1동
서울특별시 양천구 목동,48674,28634,14814,2541,245,21,31,101,2287,1147051000,목1동
서울특별시 양천구 목동,48674,28634,14814,2541,245,21,31,101,2287,1147051000,목1동
서울특별시 양천구 목동,48674,28634,14814,2541,245,21,31,101,2287,1147051000,목1동
서울특별시 양천구 신월동,45039,19711,16760,6839,195,282,11,89,1152,1147056000,신월1동
서울특별시 양천구 신월동,45039,19711,16760,6839,195,282,11,89,1152,1147056000,신월1동
서울특별시 양천구 신월동,45039,19711,16760,6839,195,282,11,89,1152,1147056000,신월1동
서울특별시 양천구 신월동,45039,19711,16760,6839,195,282,11,89,1152,1147056000,신월1동
서울특별시 양천구 신월동,45039,19711,16760,6839,195,282,11,89,1152,1147056000,신월1동
서울특별시 양천구 신월동,45039,19711,16760,6839,195,282,11,89,1152,1147056000,신월1동
서울특별시 양천구 신월동,45039,19711,16760,6839,195,282,11,89,1152,1147056000,신월1동
서울특별시 강서구 염창동,15262,8272,4960,1144,72,0,11,23,780,1150051000,염창동
서울특별시 강서구 등촌동,25048,13487,8180,2210,116,5,16,47,987,1150052000,등촌제1동
서울특별시 강서구 등촌동,25048,13487,8180,2210,116,5,16,47,987,1150052000,등촌제1동
서울특별시 강서구 등촌동,25048,13487,8180,2210,116,5,16,47,987,1150052000,등촌제1동
서울특별시 강서구 화곡동,64604,33665,22680,5673,277,12,26,114,2157,1150061500,우장산동
서울특별시 강서구 화곡동,64604,33665,22680,5673,277,12,26,114,2157,1150061500,우장산동
서울특별시 강서구 화곡동,64604,33665,22680,5673,277,12,26,114,2157,1150061500,우장산동
서울특별시 강서구 화곡동,64604,33665,22680,5673,277,12,26,114,2157,1150061500,우장산동
서울특별시 강서구 화곡동,64604,33665,22680,5673,277,12,26,114,2157,1150061500,우장산동
서울특별시 강서구 화곡동,64604,33665,22680,5673,277,12,26,114,2157,1150061500,우장산동
서울특별시 강서구 화곡동,64604,33665,22680,5673,277,12,26,114,2157,1150061500,우장산동
서울특별시 강서구 화곡동,64604,33665,22680,5673,277,12,26,114,2157,1150061500,우장산동
서울특별시 강서구 가양동,24557,12665,8348,2158,124,20,16,16,1210,1150051000,염창동
서울특별시 강서구 가양동,24557,12665,8348,2158,124,20,16,16,1210,1150051000,염창동
서울특별시 강서구 가양동,24557,12665,8348,2158,124,20,16,16,1210,1150051000,염창동
서울특별시 강서구 가양동,24557,12665,8348,2158,124,20,16,16,1210,1150051000,염창동
서울특별시 강서구 마곡동,24705,10806,8086,1642,389,11,15,63,3693,1150062000,공항동
서울특별시 강서구 마곡동,24705,10806,8086,1642,389,11,15,63,3693,1150062000,공항동
서울특별시 강서구 마곡동,24705,10806,8086,1642,389,11,15,63,3693,1150062000,공항동
서울특별시 강서구 마곡동,24705,10806,8086,1642,389,11,15,63,3693,1150062000,공항동
서울특별시 강서구 내발산동,14363,7510,4793,1440,65,2,10,27,516,1150061100,발산제1동
서울특별시 강서구 내발산동,14363,7510,4793,1440,65,2,10,27,516,1150061100,발산제1동
서울특별시 강서구 외발산동,1593,434,646,379,5,89,0,12,28,1150061100,발산제1동
서울특별시 강서구 공항동,6930,3145,2865,665,37,3,1,16,198,1150062000,공항동
서울특별시 강서구 공항동,6930,3145,2865,665,37,3,1,16,198,1150062000,공항동
서울특별시 강서구 방화동,26195,11994,8362,4743,124,118,6,30,818,1150062000,공항동
서울특별시 강서구 방화동,26195,11994,8362,4743,124,118,6,30,818,1150062000,공항동
서울특별시 강서구 방화동,26195,11994,8362,4743,124,118,6,30,818,1150062000,공항동
서울특별시 강서구 방화동,26195,11994,8362,4743,124,118,6,30,818,1150062000,공항동
서울특별시 강서구 개화동,1424,399,755,81,26,136,0,4,23,1150064000,방화제2동
서울특별시 강서구 과해동,114,16,84,0,7,3,0,1,3,1150062000,공항동
서울특별시 강서구 오곡동,46,10,34,1,0,0,0,1,0,1150062000,공항동
서울특별시 강서구 오쇠동,94,25,64,1,2,0,0,2,0,1150062000,공항동
서울특별시 구로구 신도림동,12591,7206,4065,608,56,15,5,28,608,1153051000,신도림동
서울특별시 구로구 구로동,53618,24016,20628,5140,1693,235,108,102,1696,1153052000,구로제1동
서울특별시 구로구 구로동,53618,24016,20628,5140,1693,235,108,102,1696,1153052000,구로제1동
서울특별시 구로구 구로동,53618,24016,20628,5140,1693,235,108,102,1696,1153052000,구로제1동
서울특별시 구로구 구로동,53618,24016,20628,5140,1693,235,108,102,1696,1153052000,구로제1동
서울특별시 구로구 구로동,53618,24016,20628,5140,1693,235,108,102,1696,1153052000,구로제1동
서울특별시 구로구 가리봉동,2789,1168,1359,187,5,0,0,1,69,1153059500,가리봉동
서울특별시 구로구 고척동,16747,8073,6631,1408,75,11,6,33,510,1153072000,고척제1동
서울특별시 구로구 고척동,16747,8073,6631,1408,75,11,6,33,510,1153072000,고척제1동
서울특별시 구로구 개봉동,25992,13025,9629,2215,96,125,8,58,836,1153074000,개봉제1동
서울특별시 구로구 개봉동,25992,13025,9629,2215,96,125,8,58,836,1153074000,개봉제1동
서울특별시 구로구 개봉동,25992,13025,9629,2215,96,125,8,58,836,1153074000,개봉제1동
서울특별시 구로구 오류동,14424,7091,5284,1464,68,3,10,34,470,1153078000,오류제2동
서울특별시 구로구 오류동,14424,7091,5284,1464,68,3,10,34,470,1153078000,오류제2동
서울특별시 구로구 궁동,4684,2127,1906,496,18,1,1,7,128,1153079000,수궁동
서울특별시 구로구 온수동,3419,1661,1190,422,10,16,2,7,111,1153079000,수궁동
서울특별시 구로구 천왕동,4294,2094,1495,549,24,0,2,15,115,1153078000,오류제2동
서울특별시 구로구 항동,5604,2894,1946,436,53,1,7,17,250,1153080000,항동
서울특별시 금천구 가산동,20099,8977,9000,906,214,154,10,64,774,1154551000,가산동
서울특별시 금천구 독산동,34721,16337,13688,3394,149,30,12,46,1065,1154561000,독산제1동
서울특별시 금천구 독산동,34721,16337,13688,3394,149,30,12,46,1065,1154561000,독산제1동
서울특별시 금천구 독산동,34721,16337,13688,3394,149,30,12,46,1065,1154561000,독산제1동
서울특별시 금천구 독산동,34721,16337,13688,3394,149,30,12,46,1065,1154561000,독산제1동
서울특별시 금천구 시흥동,35008,16339,14047,3197,163,212,6,52,992,1154567000,시흥제1동
서울특별시 금천구 시흥동,35008,16339,14047,3197,163,212,6,52,992,1154567000,시흥제1동
서울특별시 금천구 시흥동,35008,16339,14047,3197,163,212,6,52,992,1154567000,시흥제1동
서울특별시 금천구 시흥동,35008,16339,14047,3197,163,212,6,52,992,1154567000,시흥제1동
서울특별시 금천구 시흥동,35008,16339,14047,3197,163,212,6,52,992,1154567000,시흥제1동
서울특별시 영등포구 영등포동,4126,2153,1490,265,24,0,7,6,181,1156053500,영등포동
서울특별시 영등포구 영등포동,4126,2153,1490,265,24,0,7,6,181,1156053500,영등포동
서울특별시 영등포구 영등포동1가,852,512,231,43,13,0,1,2,50,1156053500,영등포동
서울특별시 영등포구 영등포동2가,1606,692,776,70,5,0,1,12,50,1156053500,영등포동
서울특별시 영등포구 영등포동3가,441,237,156,33,3,2,0,1,9,1156053500,영등포동
서울특별시 영등포구 영등포동4가,558,273,170,86,9,0,0,1,19,1156053500,영등포동
서울특별시 영등포구 영등포동5가,652,262,315,52,5,1,0,0,17,1156053500,영등포동
서울특별시 영등포구 영등포동6가,516,254,197,33,4,0,1,0,27,1156053500,영등포동
서울특별시 영등포구 영등포동7가,3706,1925,1399,179,34,1,6,7,155,1156053500,영등포동
서울특별시 영등포구 영등포동8가,1995,1141,626,103,10,0,2,9,104,1156053500,영등포동
서울특별시 영등포구 여의도동,21406,11624,6386,503,1452,4,46,83,1308,1156054000,여의동
서울특별시 영등포구 당산동1가,2019,1019,774,124,13,1,1,6,81,1156055000,당산제1동
서울특별시 영등포구 당산동2가,2066,1080,769,125,4,0,2,24,62,1156055000,당산제1동
서울특별시 영등포구 당산동3가,3694,1768,1475,224,64,14,7,13,129,1156055000,당산제1동
서울특별시 영등포구 당산동4가,4771,2736,1499,195,31,55,2,9,244,1156056000,당산제2동
서울특별시 영등포구 당산동5가,4346,2692,1191,165,20,0,3,6,269,1156056000,당산제2동
서울특별시 영등포구 당산동6가,1187,586,488,72,7,0,1,4,29,1156056000,당산제2동
서울특별시 영등포구 당산동,2468,1349,722,231,17,1,3,3,142,1156056000,당산제2동
서울특별시 영등포구 도림동,5744,2769,2282,447,26,11,4,11,194,1156058500,도림동
서울특별시 영등포구 문래동1가,413,161,204,24,3,1,0,9,11,1156060500,문래동
서울특별시 영등포구 문래동2가,600,267,274,40,1,0,0,0,18,1156060500,문래동
서울특별시 영등포구 문래동3가,6074,3307,2180,237,36,1,10,52,251,1156060500,문래동
서울특별시 영등포구 문래동4가,804,412,297,60,1,0,2,0,32,1156060500,문래동
서울특별시 영등포구 문래동5가,2055,1074,763,111,4,0,1,2,100,1156060500,문래동
서울특별시 영등포구 문래동6가,4120,2192,1387,277,26,0,2,26,210,1156060500,문래동
서울특별시 영등포구 양평동1가,2744,848,1330,484,13,0,0,8,61,1156061000,양평제1동
서울특별시 영등포구 양평동2가,3276,1406,1505,218,9,7,1,20,110,1156061000,양평제1동
서울특별시 영등포구 양평동3가,6949,3328,2785,415,20,0,4,73,324,1156062000,양평제2동
서울특별시 영등포구 양평동3가,6949,3328,2785,415,20,0,4,73,324,1156062000,양평제2동
서울특별시 영등포구 양평동4가,3072,1361,1392,167,18,5,3,4,122,1156062000,양평제2동
서울특별시 영등포구 양평동5가,3926,1446,2111,196,27,0,2,8,136,1156062000,양평제2동
서울특별시 영등포구 양평동6가,1913,809,655,363,15,2,1,2,66,1156062000,양평제2동
서울특별시 영등포구 양화동,5,1,2,1,0,0,0,0,1,1156062000,양평제2동
서울특별시 영등포구 신길동,30924,16034,11189,2297,148,10,15,43,1188,1156051500,영등포본동
서울특별시 영등포구 신길동,30924,16034,11189,2297,148,10,15,43,1188,1156051500,영등포본동
서울특별시 영등포구 신길동,30924,16034,11189,2297,148,10,15,43,1188,1156051500,영등포본동
서울특별시 영등포구 신길동,30924,16034,11189,2297,148,10,15,43,1188,1156051500,영등포본동
서울특별시 영등포구 신길동,30924,16034,11189,2297,148,10,15,43,1188,1156051500,영등포본동
서울특별시 영등포구 신길동,30924,16034,11189,2297,148,10,15,43,1188,1156051500,영등포본동
서울특별시 영등포구 신길동,30924,16034,11189,2297,148,10,15,43,1188,1156051500,영등포본동
서울특별시 영등포구 대림동,17314,7864,7219,1648,73,1,9,8,492,1156067000,신길제5동
서울특별시 영등포구 대림동,17314,7864,7219,1648,73,1,9,8,492,1156067000,신길제5동
서울특별시 영등포구 대림동,17314,7864,7219,1648,73,1,9,8,492,1156067000,신길제5동
서울특별시 영등포구 대림동,17314,7864,7219,1648,73,1,9,8,492,1156067000,신길제5동
서울특별시 영등포구 양평동,3,2,1,0,0,0,0,0,0,1156062000,양평제2동
서울특별시 동작구 노량진동,8042,4309,2753,606,56,6,5,11,296,1159051000,노량진제1동
서울특별시 동작구 노량진동,8042,4309,2753,606,56,6,5,11,296,1159051000,노량진제1동
서울특별시 동작구 상도동,31693,17511,10148,2393,150,15,27,34,1415,1159053000,상도제1동
서울특별시 동작구 상도동,31693,17511,10148,2393,150,15,27,34,1415,1159053000,상도제1동
서울특별시 동작구 상도동,31693,17511,10148,2393,150,15,27,34,1415,1159053000,상도제1동
서울특별시 동작구 상도동,31693,17511,10148,2393,150,15,27,34,1415,1159053000,상도제1동
서울특별시 동작구 상도1동,1846,938,663,155,7,0,1,2,80,1159053000,상도제1동
서울특별시 동작구 본동,3361,1891,1036,204,21,1,2,5,201,1159051000,노량진제1동
서울특별시 동작구 흑석동,9163,5240,2830,476,59,10,8,11,529,1159060500,흑석동
서울특별시 동작구 동작동,1640,964,488,63,11,0,1,1,112,1159063000,사당제2동
서울특별시 동작구 사당동,26692,14979,8558,1795,127,14,18,30,1171,1159063000,사당제2동
서울특별시 동작구 사당동,26692,14979,8558,1795,127,14,18,30,1171,1159063000,사당제2동
서울특별시 동작구 사당동,26692,14979,8558,1795,127,14,18,30,1171,1159063000,사당제2동
서울특별시 동작구 사당동,26692,14979,8558,1795,127,14,18,30,1171,1159063000,사당제2동
서울특별시 동작구 사당동,26692,14979,8558,1795,127,14,18,30,1171,1159063000,사당제2동
서울특별시 동작구 대방동,10565,5936,3342,747,43,15,10,19,453,1159066000,대방동
서울특별시 동작구 신대방동,13240,7010,4838,770,87,1,11,19,504,1159067000,신대방제1동
서울특별시 동작구 신대방동,13240,7010,4838,770,87,1,11,19,504,1159067000,신대방제1동
서울특별시 관악구 봉천동,54521,28903,18391,4549,294,40,31,81,2232,1162052500,보라매동
서울특별시 관악구 봉천동,54521,28903,18391,4549,294,40,31,81,2232,1162052500,보라매동
서울특별시 관악구 봉천동,54521,28903,18391,4549,294,40,31,81,2232,1162052500,보라매동
서울특별시 관악구 봉천동,54521,28903,18391,4549,294,40,31,81,2232,1162052500,보라매동
서울특별시 관악구 봉천동,54521,28903,18391,4549,294,40,31,81,2232,1162052500,보라매동
서울특별시 관악구 봉천동,54521,28903,18391,4549,294,40,31,81,2232,1162052500,보라매동
서울특별시 관악구 봉천동,54521,28903,18391,4549,294,40,31,81,2232,1162052500,보라매동
서울특별시 관악구 봉천동,54521,28903,18391,4549,294,40,31,81,2232,1162052500,보라매동
서울특별시 관악구 봉천동,54521,28903,18391,4549,294,40,31,81,2232,1162052500,보라매동
서울특별시 관악구 신림동,59292,29626,21530,5725,285,186,18,77,1845,1162068500,신사동
서울특별시 관악구 신림동,59292,29626,21530,5725,285,186,18,77,1845,1162068500,신사동
서울특별시 관악구 신림동,59292,29626,21530,5725,285,186,18,77,1845,1162068500,신사동
서울특별시 관악구 신림동,59292,29626,21530,5725,285,186,18,77,1845,1162068500,신사동
서울특별시 관악구 신림동,59292,29626,21530,5725,285,186,18,77,1845,1162068500,신사동
서울특별시 관악구 신림동,59292,29626,21530,5725,285,186,18,77,1845,1162068500,신사동
서울특별시 관악구 신림동,59292,29626,21530,5725,285,186,18,77,1845,1162068500,신사동
서울특별시 관악구 신림동,59292,29626,21530,5725,285,186,18,77,1845,1162068500,신사동
서울특별시 관악구 신림동,59292,29626,21530,5725,285,186,18,77,1845,1162068500,신사동
서울특별시 관악구 신림동,59292,29626,21530,5725,285,186,18,77,1845,1162068500,신사동
서울특별시 관악구 신림동,59292,29626,21530,5725,285,186,18,77,1845,1162068500,신사동
서울특별시 관악구 남현동,5034,2724,1704,356,15,8,6,2,219,1162063000,남현동
서울특별시 서초구 방배동,38397,22030,11902,1758,273,302,30,57,2045,1165053000,서초3동
서울특별시 서초구 방배동,38397,22030,11902,1758,273,302,30,57,2045,1165053000,서초3동
서울특별시 서초구 방배동,38397,22030,11902,1758,273,302,30,57,2045,1165053000,서초3동
서울특별시 서초구 방배동,38397,22030,11902,1758,273,302,30,57,2045,1165053000,서초3동
서울특별시 서초구 방배동,38397,22030,11902,1758,273,302,30,57,2045,1165053000,서초3동
서울특별시 서초구 방배동,38397,22030,11902,1758,273,302,30,57,2045,1165053000,서초3동
서울특별시 서초구 양재동,24988,11635,9847,1199,788,33,91,86,1309,1165065100,양재1동
서울특별시 서초구 양재동,24988,11635,9847,1199,788,33,91,86,1309,1165065100,양재1동
서울특별시 서초구 우면동,9134,4988,2746,728,79,32,20,34,507,1165065100,양재1동
서울특별시 서초구 원지동,155,56,78,16,1,0,0,0,4,1165065200,양재2동
서울특별시 서초구 잠원동,17756,11302,4741,532,91,2,9,29,1050,1165054000,잠원동
서울특별시 서초구 잠원동,17756,11302,4741,532,91,2,9,29,1050,1165054000,잠원동
서울특별시 서초구 반포동,27780,17158,7917,680,397,2,19,55,1552,1165055000,반포본동
서울특별시 서초구 반포동,27780,17158,7917,680,397,2,19,55,1552,1165055000,반포본동
서울특별시 서초구 반포동,27780,17158,7917,680,397,2,19,55,1552,1165055000,반포본동
서울특별시 서초구 반포동,27780,17158,7917,680,397,2,19,55,1552,1165055000,반포본동
서울특별시 서초구 서초동,51930,30051,16402,1303,1224,26,41,144,2739,1165053000,서초3동
서울특별시 서초구 서초동,51930,30051,16402,1303,1224,26,41,144,2739,1165053000,서초3동
서울특별시 서초구 서초동,51930,30051,16402,1303,1224,26,41,144,2739,1165053000,서초3동
서울특별시 서초구 서초동,51930,30051,16402,1303,1224,26,41,144,2739,1165053000,서초3동
서울특별시 서초구 내곡동,4431,2074,1442,623,66,14,8,11,193,1165066000,내곡동
서울특별시 서초구 염곡동,853,269,361,60,4,122,5,1,31,1165066000,내곡동
서울특별시 서초구 신원동,3042,1616,1012,184,41,0,3,9,177,1165066000,내곡동
서울특별시 강남구 역삼동,36627,19293,10579,1311,679,9,14,78,4664,1168064000,역삼1동
서울특별시 강남구 역삼동,36627,19293,10579,1311,679,9,14,78,4664,1168064000,역삼1동
서울특별시 강남구 개포동,22928,13251,6839,1162,189,172,17,33,1265,1168074000,일원2동
서울특별시 강남구 개포동,22928,13251,6839,1162,189,172,17,33,1265,1168074000,일원2동
서울특별시 강남구 개포동,22928,13251,6839,1162,189,172,17,33,1265,1168074000,일원2동
서울특별시 강남구 개포동,22928,13251,6839,1162,189,172,17,33,1265,1168074000,일원2동
서울특별시 강남구 청담동,12041,7151,3846,266,130,6,6,32,604,1168056500,청담동
서울특별시 강남구 삼성동,20319,11960,6329,649,233,33,13,97,1005,1168058000,삼성1동
서울특별시 강남구 삼성동,20319,11960,6329,649,233,33,13,97,1005,1168058000,삼성1동
서울특별시 강남구 대치동,38994,20460,8768,1069,6188,6,25,46,2432,1168074000,일원2동
서울특별시 강남구 대치동,38994,20460,8768,1069,6188,6,25,46,2432,1168074000,일원2동
서울특별시 강남구 대치동,38994,20460,8768,1069,6188,6,25,46,2432,1168074000,일원2동
서울특별시 강남구 대치동,38994,20460,8768,1069,6188,6,25,46,2432,1168074000,일원2동
서울특별시 강남구 신사동,6674,3692,2397,235,50,0,1,18,281,1168051000,신사동
서울특별시 강남구 신사동,6674,3692,2397,235,50,0,1,18,281,1168051000,신사동
서울특별시 강남구 논현동,20920,11795,7345,789,151,9,10,54,767,1168052100,논현1동
서울특별시 강남구 논현동,20920,11795,7345,789,151,9,10,54,767,1168052100,논현1동
서울특별시 강남구 압구정동,13629,8784,3627,294,71,0,9,17,827,1168051000,신사동
서울특별시 강남구 압구정동,13629,8784,3627,294,71,0,9,17,827,1168051000,신사동
서울특별시 강남구 세곡동,5815,2856,2024,560,47,19,5,15,289,1168070000,세곡동
서울특별시 강남구 자곡동,8605,4710,2578,731,82,0,10,18,476,1168070000,세곡동
서울특별시 강남구 율현동,4394,2122,1549,566,21,0,1,7,128,1168070000,세곡동
서울특별시 강남구 일원동,14748,7958,3769,2047,127,5,22,10,810,1168074000,일원2동
서울특별시 강남구 일원동,14748,7958,3769,2047,127,5,22,10,810,1168074000,일원2동
서울특별시 강남구 일원동,14748,7958,3769,2047,127,5,22,10,810,1168074000,일원2동
서울특별시 강남구 일원동,14748,7958,3769,2047,127,5,22,10,810,1168074000,일원2동
서울특별시 강남구 수서동,8293,4521,2436,779,56,1,6,7,487,1168072000,일원본동
서울특별시 강남구 수서동,8293,4521,2436,779,56,1,6,7,487,1168072000,일원본동
서울특별시 강남구 수서동,8293,4521,2436,779,56,1,6,7,487,1168072000,일원본동
서울특별시 강남구 도곡동,22707,14321,6247,520,209,5,23,130,1252,1168065500,도곡1동
서울특별시 강남구 도곡동,22707,14321,6247,520,209,5,23,130,1252,1168065500,도곡1동
서울특별시 송파구 잠실동,36859,22832,10167,1470,273,10,19,85,2003,1171065000,잠실본동
서울특별시 송파구 잠실동,36859,22832,10167,1470,273,10,19,85,2003,1171065000,잠실본동
서울특별시 송파구 잠실동,36859,22832,10167,1470,273,10,19,85,2003,1171065000,잠실본동
서울특별시 송파구 잠실동,36859,22832,10167,1470,273,10,19,85,2003,1171065000,잠실본동
서울특별시 송파구 신천동,22749,8780,12463,448,160,15,8,70,805,1171069000,잠실4동
서울특별시 송파구 신천동,22749,8780,12463,448,160,15,8,70,805,1171069000,잠실4동
서울특별시 송파구 풍납동,12271,6466,3950,1212,71,5,13,22,532,1171051000,풍납1동
서울특별시 송파구 풍납동,12271,6466,3950,1212,71,5,13,22,532,1171051000,풍납1동
서울특별시 송파구 송파동,14525,7938,4916,910,75,0,11,26,649,1171058000,송파1동
서울특별시 송파구 송파동,14525,7938,4916,910,75,0,11,26,649,1171058000,송파1동
서울특별시 송파구 석촌동,10057,5241,3587,785,55,2,4,12,371,1171060000,석촌동
서울특별시 송파구 삼전동,9049,4814,3058,777,55,2,6,33,304,1171061000,삼전동
서울특별시 송파구 가락동,35043,18864,11736,2264,238,6,26,106,1803,1171062000,가락본동
서울특별시 송파구 가락동,35043,18864,11736,2264,238,6,26,106,1803,1171062000,가락본동
서울특별시 송파구 가락동,35043,18864,11736,2264,238,6,26,106,1803,1171062000,가락본동
서울특별시 송파구 문정동,29434,15626,10690,1423,186,11,21,62,1415,1171064600,장지동
서울특별시 송파구 문정동,29434,15626,10690,1423,186,11,21,62,1415,1171064600,장지동
서울특별시 송파구 문정동,29434,15626,10690,1423,186,11,21,62,1415,1171064600,장지동
서울특별시 송파구 장지동,17061,7873,5050,2366,156,661,10,58,887,1171064700,위례동
서울특별시 송파구 장지동,17061,7873,5050,2366,156,661,10,58,887,1171064700,위례동
서울특별시 송파구 장지동,17061,7873,5050,2366,156,661,10,58,887,1171064700,위례동
서울특별시 송파구 방이동,21407,12074,6912,1115,126,3,15,44,1118,1171056100,방이1동
서울특별시 송파구 방이동,21407,12074,6912,1115,126,3,15,44,1118,1171056100,방이1동
서울특별시 송파구 방이동,21407,12074,6912,1115,126,3,15,44,1118,1171056100,방이1동
서울특별시 송파구 오금동,13934,7303,4900,977,76,10,12,22,634,1171057000,오금동
서울특별시 송파구 거여동,11876,6161,4168,1010,61,3,9,17,447,1171064700,위례동
서울특별시 송파구 거여동,11876,6161,4168,1010,61,3,9,17,447,1171064700,위례동
서울특별시 송파구 거여동,11876,6161,4168,1010,61,3,9,17,447,1171064700,위례동
서울특별시 송파구 마천동,11809,5189,4540,1579,69,104,6,20,302,1171054000,마천1동
서울특별시 송파구 마천동,11809,5189,4540,1579,69,104,6,20,302,1171054000,마천1동
서울특별시 강동구 명일동,14174,8052,4329,960,83,8,13,27,702,1174053000,명일제1동
서울특별시 강동구 명일동,14174,8052,4329,960,83,8,13,27,702,1174053000,명일제1동
서울특별시 강동구 고덕동,16687,9076,5502,959,143,2,25,47,933,1174055000,고덕제1동
서울특별시 강동구 고덕동,16687,9076,5502,959,143,2,25,47,933,1174055000,고덕제1동
서울특별시 강동구 상일동,16875,9269,5326,1066,150,6,34,40,984,1174051500,강일동
서울특별시 강동구 상일동,16875,9269,5326,1066,150,6,34,40,984,1174051500,강일동
서울특별시 강동구 길동,15896,7281,5373,2556,124,2,9,28,523,1174068500,길동
서울특별시 강동구 둔촌동,8664,4394,3030,835,40,2,6,15,342,1174069000,둔촌제1동
서울특별시 강동구 둔촌동,8664,4394,3030,835,40,2,6,15,342,1174069000,둔촌제1동
서울특별시 강동구 암사동,21686,11341,7336,1884,105,5,16,42,957,1174057000,암사제1동
서울특별시 강동구 암사동,21686,11341,7336,1884,105,5,16,42,957,1174057000,암사제1동
서울특별시 강동구 암사동,21686,11341,7336,1884,105,5,16,42,957,1174057000,암사제1동
서울특별시 강동구 성내동,22186,10950,8047,2171,155,15,28,47,773,1174064000,성내제1동
서울특별시 강동구 성내동,22186,10950,8047,2171,155,15,28,47,773,1174064000,성내제1동
서울특별시 강동구 성내동,22186,10950,8047,2171,155,15,28,47,773,1174064000,성내제1동
서울특별시 강동구 천호동,25879,12586,9668,2553,131,5,23,51,862,1174060000,천호제1동
서울특별시 강동구 천호동,25879,12586,9668,2553,131,5,23,51,862,1174060000,천호제1동
서울특별시 강동구 천호동,25879,12586,9668,2553,131,5,23,51,862,1174060000,천호제1동
서울특별시 강동구 강일동,10528,4970,3557,1291,98,185,17,23,387,1174051500,강일동
